seed,r2_scaffold,r2_random,gap
0,0.5603459541380734,0.5780834330301268,0.01773747889205335
1,0.5517221487116793,0.5780834330301268,0.02636128431844742
2,0.5609136370702619,0.5780834330301268,0.017169795959864897
3,0.5738378673441337,0.5780834330301268,0.004245565685993102
4,0.5590607682592913,0.5780834330301268,0.019022664770835473
5,0.5696238247317136,0.5780834330301268,0.00845960829841319
6,0.5646652337972611,0.5780834330301268,0.01341819923286569
7,0.5611661348891513,0.5780834330301268,0.016917298140975423
8,0.5698828514224443,0.5780834330301268,0.008200581607682444
9,0.6002692670302361,0.5780834330301268,-0.022185834000109317
10,0.5649268746621982,0.5780834330301268,0.013156558367928617
11,0.5577832203659912,0.5780834330301268,0.02030021266413562
12,0.5631878598384896,0.5780834330301268,0.014895573191637146
13,0.5412492630421089,0.5780834330301268,0.03683416998801792
14,0.567028323328544,0.5780834330301268,0.011055109701582744
15,0.5605461896324508,0.5780834330301268,0.017537243397675928
16,0.556721338181581,0.5780834330301268,0.021362094848545787
17,0.5631074045902504,0.5780834330301268,0.014976028439876332
18,0.6028053249394528,0.5780834330301268,-0.024721891909326055
19,0.5694190683275109,0.5780834330301268,0.00866436470261589
