property,source,N,mean_eV,sd_eV,min_eV,max_eV
HOMO energy,Experimental,599,-5.588,0.148,-6.2,-5.13
HOMO energy,CEP DFT,14930,-5.175,0.302,-6.508,-4.188
HOMO energy,Full dataset,15529,-5.191,0.308,-6.508,-4.188
LUMO energy,Experimental,599,-3.903,0.143,-4.31,-3.23
LUMO energy,CEP DFT,14930,-3.298,0.389,-4.294,-1.758
LUMO energy,Full dataset,15529,-3.321,0.399,-4.31,-1.758
Optical bandgap,Experimental,599,1.468,0.153,1.15,2.6
Optical bandgap,CEP DFT,14930,1.877,0.402,0.801,3.449
Optical bandgap,Full dataset,15529,1.861,0.403,0.801,3.449
