original_smiles,modified_smiles,original_homo,original_ewg,new_ewg,delta_ewg,cate,cate_se,predicted_homo,predicted_shift,sascore,mol_weight,n_cyano_added
CCN1C(=O)c2ccc3c4c(-c5ccccc5C)c5c6cccc7cccc(c5c(-c5ccccc5C)c4c4ccc(c2c34)C1=O)c76,CCN1C(=O)c2ccc3c4c(-c5ccccc5C)c5c6cccc7cccc(c5c(-c5ccc(C#N)cc5C)c4c4ccc(c2c34)C1=O)c76,-5.99,1.0,1.66,0.66,-0.007617,0.01779,-5.995027,-0.005027,3.128,628.731,1
CCN1C(=O)c2ccc3c4c(-c5ccccc5C)c5c6cccc7cccc(c5c(-c5ccccc5C)c4c4ccc(c2c34)C1=O)c76,CCN1C(=O)c2ccc3c4c(-c5ccccc5C)c5c6cccc7cccc(c5c(-c5c(C)cccc5C#N)c4c4ccc(c2c34)C1=O)c76,-5.99,1.0,1.66,0.66,-0.007617,0.01779,-5.995027,-0.005027,3.166,628.731,1
CCN1C(=O)c2ccc3c4c(-c5ccccc5C)c5c6cccc7cccc(c5c(-c5ccccc5C)c4c4ccc(c2c34)C1=O)c76,CCN1C(=O)c2ccc3c4c(-c5ccccc5C)c5c6cccc7cccc(c5c(-c5ccccc5C)c4c4c(C#N)cc(c2c34)C1=O)c76,-5.99,1.0,1.66,0.66,-0.007617,0.01779,-5.995027,-0.005027,3.182,628.731,1
CCN1C(=O)c2c(c(-c3cccs3)c3c(c2-c2cccs2)-c2cccc4c(C#N)ccc-3c24)C1=O,CCN1C(=O)c2c(c(-c3cccs3)c3c(c2-c2cccs2)-c2ccc(C#N)c4cc(C#N)cc-3c24)C1=O,-5.65,1.66,2.32,0.66,0.010145,0.024923,-5.643304,0.006696,3.241,513.603,1
CCN1C(=O)c2c(c(-c3cccs3)c3c(c2-c2cccs2)-c2cccc4c(C#N)ccc-3c24)C1=O,CCN1C(=O)c2c(c(-c3cccs3)c3c(c2-c2cccs2)-c2ccc(C#N)c4ccc(C#N)c-3c24)C1=O,-5.65,1.66,2.32,0.66,0.010145,0.024923,-5.643304,0.006696,3.269,513.603,1
CCN1C(=O)c2c(c(-c3cccs3)c3c(c2-c2cccs2)-c2cccc4c(C#N)ccc-3c24)C1=O,CCN1C(=O)c2c(c(-c3cccs3)c3c(c2-c2cccs2)-c2cccc4c(C#N)cc(C#N)c-3c24)C1=O,-5.65,1.66,2.32,0.66,0.010145,0.024923,-5.643304,0.006696,3.27,513.603,1
CCC1(CC)c2ccccc2-c2ccc(-c3ccc(C=C(C#N)C#N)c4nsnc34)cc21,CCC1(CC)c2ccc(C#N)cc2-c2ccc(-c3ccc(C=C(C#N)C#N)c4nsnc34)cc21,-6.2,1.32,1.98,0.66,-0.003935,0.023006,-6.202597,-0.002597,3.307,457.562,1
CCN1C(=O)c2cc(-c3ccc(-c4ccc(C)s4)s3)c3c4c(cc(C)c(c24)C1=O)C(=O)N(CC)C3=O,CCN1C(=O)c2cc(C)c3c4c(c(C#N)c(-c5ccc(-c6ccc(C)s6)s5)c(c24)C1=O)C(=O)N(CC)C3=O,-5.65,2.0,2.66,0.66,0.011279,0.023385,-5.642556,0.007444,3.309,539.638,1
CCC1(CC)c2ccccc2-c2ccc(-c3ccc(C=C(C#N)C#N)c4nsnc34)cc21,CCC1(CC)c2ccccc2-c2ccc(-c3cc(C#N)c(C=C(C#N)C#N)c4nsnc34)cc21,-6.2,1.32,1.98,0.66,-0.003935,0.023006,-6.202597,-0.002597,3.338,457.562,1
CCN1C(=O)c2cc(-c3ccc(-c4ccc(C)s4)s3)c3c4c(cc(C)c(c24)C1=O)C(=O)N(CC)C3=O,CCN1C(=O)c2cc(-c3ccc(-c4cc(C#N)c(C)s4)s3)c3c4c(cc(C)c(c24)C1=O)C(=O)N(CC)C3=O,-5.65,2.0,2.66,0.66,0.011279,0.023385,-5.642556,0.007444,3.344,539.638,1
