step,value,p_value,interpretation
DML_EWG_HOMO,-0.022230,0.009826,Significant negative effect on HOMO (p=0.010); CI [-0.039 to -0.005] excludes zero
DML_EWG_LUMO,-0.015383,0.075899,Negative point estimate; CI [-0.032 to +0.002] crosses zero; inconclusive at 0.05
DML_EWG_Bandgap,0.001726,0.859346,No effect
Sensitivity_RV,0.217,,Confounder needs 21.7% variance in both EWG and HOMO to nullify
Sensitivity_RV_alpha05,0.1515,,Threshold for statistical significance at alpha=0.05
CATE_mean,-0.0215,,Average EWG causal effect on HOMO across molecules
CATE_min,-0.0448,,"Most negative CATE observed - exploratory observation only, not a confirmed finding"
CATE_max,0.0325,,"Most positive CATE observed - exploratory observation only, not a confirmed finding"
Calibration_mean_p,0.0004063,,Forest mean effect confirmed (p=0.0004)
Calibration_het_p,0.2954489,,Heterogeneity NOT statistically confirmed. Larger samples needed.