SMILES,HOMO,LUMO,electrochemical_gap,optical_gap,PCE,Voc,Jsc,fill_factor,source_db
Cc1ccc(-c2c3cc(-c4ccc(-c5sc(-c6cccs6)c6cc(S(C)(=O)=O)sc65)s4)sc3c(-c3ccc(C)s3)c3ccsc32)s1,-0.558313876966873,-0.8255537355004944,0.2151347407264901,0.6006842861863834,1.7070085750032964,-0.1717391826580997,1.8492569310243527,0.8506211919190244,HOPV15
CN1c2ccccc2C(=C2c3ccc(-c4cccs4)cc3N(C)C2=O)C1=O,1.522775168396992,1.3936035304807344,-1.350280005959949,-1.2120599085293031,-0.3181966048854125,0.896670236651085,-0.6650031781465259,0.6449515393674908,HOPV15
Cc1cc(-c2cc3c4nsnc4c(-c4cc(C)c(-c5cccs5)s4)cc3c3nsnc32)sc1-c1cccs1,-0.6078636161422031,-0.949876271409807,0.1299421014510376,0.5436797517613617,1.071237302314741,0.2022041141001151,0.7569434131583411,1.0188963621884612,HOPV15
Cn1c2ccccc2c2ccc(-c3ccc(-c4ccc(C5=C(c6ccccc6)C(c6ccccc6)=C(c6ccc(-c7cccs7)s6)[Si]5(C)C)s4)s3)cc21,1.522775168396992,1.3936035304807344,-1.350280005959949,1.0681214684715603,-0.9455470660151788,0.1487836431346559,-0.8201246244706933,-0.5080449976638348,HOPV15
Cc1cc(-c2c3cc(-c4cccs4)sc3c(-c3cc(C)c(C)s3)c3cc(-c4ccc(-c5ccc6c(c5F)N(C)C(=O)C6=C5c6cccc(F)c6N(C)C5=O)s4)sc32)sc1C,-0.8060625728435233,-1.0804149341145852,0.4174672590056897,-1.2120599085293031,0.8186129555510769,0.9500907076165443,0.3605219392188024,0.5826274022306625,HOPV15
C#Cc1cc(OC)c(C#Cc2scc3nc(-c4ccccc4)c(-c4ccccc4)nc32)cc1OC,-0.6615425002488107,-0.6950150727957163,0.7049924165603418,0.5778824724163747,-1.0171239642648835,-0.1183187116926404,-0.8696773087131356,-0.6015312033690774,HOPV15
Cc1csc(-c2ccc(-c3cc(C)c(-c4cc5c(s4)c(-c4ccc(C)cc4)c4ccsc4c5-c4ccc(C)cc4)s3)c3nsnc32)c1,-0.6863173698364756,-0.682582819204785,0.7901850558357941,0.7260942619214307,1.816479125267551,0.8432497656856258,0.9594630791926706,1.1373122227484356,HOPV15
CC1=CC(c2cc(C)c(-c3ccc(-c4sc(-c5nc(C)c(-c6cccs6)s5)nc4C)s3)s2)=S=C1,-0.6243801958673132,-0.4401538741816257,1.045762973662152,0.9541123996215172,-0.4950336476199775,0.2556245850655744,0.0459701175059074,-0.8819898204848052,HOPV15
CN1C(=O)C2=C(c3ccc(-c4ccc(C(F)(F)F)cc4)s3)N(C)C(=O)C2=C1c1ccc(-c2ccc(C(F)(F)F)cc2)s1,-0.6408967755924232,-0.7820408479322352,0.5026598982811422,0.805900610116461,-1.4550061653219022,-1.2935690729327431,-1.4169112999122817,-1.100124300463705,HOPV15
CC1(C)c2ccccc2-c2ccc(N(c3ccc(-c4ccc(-c5ccc(C=CC=C(C#N)C(=O)O)s5)s4)cc3)c3ccc4c(c3)C(C)(C)c3ccccc3-4)cc21,1.522775168396992,1.3936035304807344,-1.350280005959949,-1.2120599085293031,0.4312556238467916,-0.4388415374853954,0.438082662380886,1.0812204993252896,HOPV15
C=Cc1ccc(N(c2ccccc2)c2ccc(-c3ccc(C=C4SC(=S)N(CC(=O)O)C4=O)s3)cc2)cc1,1.522775168396992,1.3936035304807344,-1.350280005959949,-1.2120599085293031,-0.612925009443021,-1.50725095679458,0.4337737333163258,-0.1652622434112785,HOPV15
N#CC(=Cc1ccc(-c2ccc(-c3ccc(N(c4ccccc4)c4ccccc4)cc3)s2)s1)C(=O)O,1.522775168396992,1.3936035304807344,-1.350280005959949,-1.2120599085293031,1.0080812156238252,-0.4922620084508547,1.6187292260703818,0.6449515393674908,HOPV15
Cc1cc[se]c1,-0.4592143986162126,-0.4712345081589537,0.5665543777377317,0.6120851930713878,-0.4445087782672446,-1.079887189070906,-1.8284140255777808,-3.281469100252699,HOPV15
Cc1nc(-c2nc(C)c(-c3ccc(C4=S=C5c6cc7c(cc6C(C)(C)C5=C4)-c4sccc4C7(C)C)s3)s2)sc1-c1cccs1,-0.649155065454978,-0.3469119722496411,1.2693936517602145,1.0681214684715603,-0.4150359378114839,0.9500907076165443,-0.2276468780936654,-0.701249822788003,HOPV15
Cc1ccc(C2(c3ccc(C)cc3)c3ccsc3-c3cc4c(cc32)-c2sc(-c3ccc(-c5ccc(-c6ccc(-c7ccc(-c8cccs8)s7)c7nsnc76)s5)s3)cc2C4(c2ccc(C)cc2)c2ccc(C)cc2)cc1,-0.7317379640805283,-0.8193376087050289,0.6730451768320471,0.7944997032314567,0.0481086979219007,0.6295678818237888,0.0459701175059074,0.0217101679992067,HOPV15
O=C1c2ccccc2C(=O)C1=Cc1ccc(-c2ccc(N(c3ccc(-c4ccc(C=Cc5cccs5)s4)cc3)c3ccc(-c4ccc(C=Cc5cccs5)s4)cc3)cc2)s1,1.522775168396992,1.3936035304807344,-1.350280005959949,-1.2120599085293031,-1.2402754705727874,-0.3320005955544769,-0.9450835673429392,-1.4117449861478468,HOPV15
COc1cccc(-c2nc3c(-c4cccs4)ccc(-c4ccc(-c5cc6c(s5)c(-c5ccc(C)s5)c5ccsc5c6-c5ccc(C)s5)s4)c3nc2-c2cccc(OC)c2)c1,-0.5913470364170931,-0.7509602139549071,0.4281163389151213,0.6918915412664177,0.5238845509934685,0.2022041141001151,0.3540585456219622,0.7259729176453675,HOPV15
Cc1csc(C=Cc2cccc3nsnc32)c1C,1.522775168396992,1.3936035304807344,-1.350280005959949,-1.2120599085293031,-1.5813183387037342,-3.8577516792747857,-1.8284140255777808,-3.281469100252699,HOPV15
C=Cc1ccc2c3ccc(C=Cc4sc(-c5cc(C)cs5)cc4C)cc3n(-c3ccc(OC)cc3)c2c1,-0.7441253988743609,-0.483666761749885,1.2800427316696463,1.6039640920667635,-1.4550061653219022,-0.9196257761745282,-1.643130075801692,-0.2899105176849353,HOPV15
C=Cc1ccc2c3ccc(C=Cc4ccc(-c5ccc(C6=C(C)C(C)=C(c7ccc(-c8cccs8)s7)S6(=O)=O)s5)s4)cc3n(-c3ccc(OC)cc3)c2c1,-0.7482545438056384,-0.7820408479322352,0.7795359759263628,1.0681214684715603,-1.2444858763521816,0.4158859979619522,-1.492317558542085,0.1463584422728635,HOPV15
Cc1cc2cc3c(C#C[Si](C)(C)C)c4cc5sc(C)cc5cc4c(C#C[Si](C)(C)C)c3cc2s1,1.522775168396992,1.3936035304807344,-1.350280005959949,-1.2120599085293031,-1.1602777607642936,0.6295678818237888,-1.1906925240228707,-0.7885036147795627,HOPV15
CC1(C)c2ccsc2-c2cc3c(cc21)-c1sc(-c2ccc(-c4nc5sc(-c6cccs6)nc5s4)s2)cc1C3(C)C,-0.6285093407985906,-0.43393774738616,1.067061133481015,0.874306051426487,0.8565066075656266,0.896670236651085,1.0370238023547544,-0.2338187942617898,HOPV15
C=Cc1ccc2c3ccc(C=Cc4sc(-c5ccc(-c6ccc(-c7cc(C)cs7)s6)s5)cc4C)cc3n(-c3ccc(OC)cc3)c2c1,-0.7069630944928634,-0.4463700009770912,1.2480954919413514,1.5697613714117502,-1.497110223115846,-1.1867281310018245,-1.6646747211244932,-0.6015312033690774,HOPV15
COc1c(OC)c(-c2ccc(-c3cc4c(s3)c(-c3ccc(C)s3)c3ccsc3c4C3=S=C(C)C=C3)s2)c2nsnc2c1-c1cccs1,-0.6532842103862555,-0.7696085943413038,0.5559052978283001,0.8287024238864696,0.4817804931995246,1.2706135334092994,0.1321486987971115,-0.0530787965649875,HOPV15
N#CC(=Cc1ccc(-c2ccc(-c3ccc(C=C(C#N)c4ccc([N+](=O)[O-])cc4)s3)c3c2C(=O)OC3=O)s1)c1ccc([N+](=O)[O-])cc1,-0.7069630944928634,-0.9063633838415478,0.460063578643416,0.6576888206114048,0.3217850735825369,-0.2785801245890176,0.5932041087050535,0.4579791279570055,HOPV15
COC(=O)C(C#N)=Cc1cc(C)c(-c2ccc(-c3sc(-c4cc5c(s4)-c4sc(-c6cc(C)c(-c7ccc(C8=S=C(C=C(C#N)C(=O)OC)C=C8C)s7)s6)cc4[Si]5(C)C)cc3C)s2)s1,-0.5211515725853755,-0.6328538048410599,0.4494144987339844,0.7602969825764437,0.8775586364625985,0.4158859979619522,0.6513746510766161,0.7072756765043192,HOPV15
CN1C(=O)C2=C(c3ccc(-c4ccccc4)s3)N(C)C(=O)C2=C1c1cccs1,-0.6863173698364756,-0.8006892283186319,0.5878525375565948,0.5322788448763575,0.7344048399631887,0.4158859979619522,0.390684442670724,0.7695998136411476,HOPV15
Cc1ccc(-c2ccc(-c3cnc(-c4cc5c(s4)-c4sc(-c6ncc(-c7ccc(-c8ccc(C)s8)s7)c7nsnc76)cc4[Si]5(C)C)c4nsnc43)s2)s1,-0.6243801958673132,-0.8442021158868914,0.3535727795491005,0.4980761242213444,1.2396535334905174,0.3090450560310337,1.2740149009055657,0.4143522319612255,HOPV15
CC1(C)c2ccccc2-c2ccc(-c3ccc(-c4ccc(-c5ccc(C6=C(c7ccccc7)C(c7ccccc7)=C(c7ccc(-c8ccc(C9=S=CC=C9)s8)s7)[Si]6(C)C)s5)s4)s3)cc21,-0.6243801958673132,1.3936035304807344,-1.350280005959949,1.011116934046539,-0.8781805735448686,0.1487836431346559,-0.8438237343257744,-0.2525160354028382,HOPV15
COCc1cc2csc(-c3cc4c(s3)c(OC)c3ccsc3c4OC)c2s1,-0.5830887465545378,-0.8442021158868914,0.2470819804547848,0.6120851930713878,1.1891286641377845,-0.1183187116926404,1.3386488368739684,0.7072756765043192,HOPV15
Cn1c2ccccc2c2ccc(-c3ccc(-c4cnc(-c5cccs5)c5nsnc54)s3)cc21,-0.760641978599471,-0.9685246517962038,0.4920108183717107,0.7830987963464524,-1.286589934146126,-0.0648982407271811,-1.2036193112165514,-1.2870967118741898,HOPV15
COc1c2ccsc2c(OC)c2cc(-c3sc(-c4sc(-c5cc(C)cs5)c5c4C(=O)N(C)C5=O)cc3C)sc21,-0.8287728699655499,-0.9716327151939368,0.6623960969226156,0.9256101324090064,-0.2760925470914684,1.0569316495474628,-1.3328871831533575,-1.162448437600533,HOPV15
CC1(C)CC(C=Cc2ccc(N(c3ccc(N(c4ccccc4)c4ccccc4)cc3)c3ccc(N(c4ccccc4)c4ccccc4)cc3)cc2)=CC(=C(C#N)C(=O)O)C1,-0.4220520942347151,-0.1479959147947411,1.0244648138432886,-1.2120599085293031,-0.3729318800175398,-0.8288109755332481,0.1213763761357112,0.2086825794096919,HOPV15
COc1c2cc(C)sc2c(OC)c2cc(-c3ccc(-c4sc(-c5ccc(C)s5)c5c4C(=O)N(C)C5=O)s3)sc21,1.522775168396992,1.3936035304807344,-1.350280005959949,0.8857069583114913,-1.2023818185582378,0.2022041141001151,-1.2036193112165514,-0.6015312033690774,HOPV15
Cc1c2ccsc2c(C)c2cc(-c3ccc(-c4cnc(-c5cccs5)c5nsnc54)s3)sc21,-0.7358671090118057,-0.7447440871594413,0.8114832156546573,-1.2120599085293031,1.0796581138735302,0.682988352789248,0.9249916466761888,0.3457956811107146,HOPV15
CC(=O)c1cc2c(csc2-c2cc3c(s2)c(C)c2ccsc2c3C)s1,-0.632638485729868,-0.7260957067730446,0.5772034576471633,0.6462879137264005,0.3975723776116364,0.2556245850655744,0.2183272800883157,0.7072756765043192,HOPV15
Cc1cc(-c2ccc(N(c3ccccc3)c3ccccc3)cc2)sc1-c1cnc(-c2ncc(-c3sc(-c4ccc(N(c5ccccc5)c5ccccc5)cc4)cc3C)s2)s1,-0.6532842103862555,-0.5023151421362818,1.0138157339338574,1.3189414199416556,-1.0339655873824614,1.3240340043747585,-0.8308969471320938,-1.4740691232846752,HOPV15
Cc1nc(-c2nc(C)c(-c3ccc(-c4cc5c(s4)-c4sccc4[Si]5(C)C)s3)s2)sc1-c1cccs1,-0.6161219060047579,-0.5271796493181443,0.8753776951112466,0.8971078651964957,-0.3771422857969343,-0.2251596536235584,-0.1371593677379011,0.0528722365676209,HOPV15
Cc1ccc(C2(c3ccc(C)cc3)c3ccsc3-c3cc4c(cc32)-c2sc(-c3cccc5nc6c7ccsc7c7sccc7c6nc53)cc2C4(c2ccc(C)cc2)c2ccc(C)cc2)cc1,-0.6367676306611458,-0.8006892283186319,0.460063578643416,0.623486099956392,0.9701875636092752,0.5761474108583294,0.670764831867137,0.6449515393674908,HOPV15
COc1ccc(N(c2ccc(C=Cc3cc4c(s3)-c3sc(C=C(C#N)C(=O)O)cc3C4(C)C)cc2)c2ccc(OC)cc2)cc1,1.522775168396992,1.3936035304807344,-1.350280005959949,-1.2120599085293031,1.5343819380481258,-0.3320005955544769,1.37096580485817,1.3928411850094318,HOPV15
Cn1c2ccsc2c2sc(-c3ccc(-c4ccc(-c5cccs5)c5nsnc54)s3)cc21,-0.5417972972417628,-0.7385279603639758,0.3216255398208058,0.4524724966813271,-0.6676602845751483,-1.079887189070906,0.2118638864914755,-0.539207066232249,HOPV15
Cc1nc(-c2nc(C)c(-c3ccc(N(c4ccccc4)c4ccccc4)cc3)s2)sc1-c1ccc(N(c2ccccc2)c2ccccc2)cc1,-0.7152213843554183,-0.1479959147947411,1.7805494874129293,1.7293740678018108,-1.2739587168079425,-0.0648982407271811,-1.091587155537986,-1.4055125724341635,HOPV15
CC1(C)c2ccsc2-c2cc3c(cc21)-c1sc(-c2ccc(-c4ccc(-c5cccs5)c5nsnc54)s2)cc1C3(C)C,-0.6408967755924232,-0.5333957761136101,0.9286230946584048,0.7032924481514221,1.016502027182614,0.5227269398928702,1.030560408757914,0.252309475405472,HOPV15
c1csc(-c2cc(-c3cccs3)c(-c3cccs3)s2)c1,-0.6408967755924232,-0.2971829578859163,1.333288131216804,-1.2120599085293031,-1.3244835861606754,-0.8234689284367022,-1.134676446183588,-1.2247725747373617,HOPV15
CN1c2ccccc2C(=C2c3ccc(-c4cc5c(s4)-c4sccc4[Si]5(C)C)cc3N(C)C2=O)C1=O,1.522775168396992,1.3936035304807344,-1.350280005959949,-1.2120599085293031,-0.4781920245023999,0.2022041141001151,-0.0488263219144169,-0.6638553405059058,HOPV15
CC1(C)c2ccccc2-c2ccc(N(c3ccc(-c4ccc(C=C(C#N)C(=O)O)s4)cc3)c3ccc4c(c3)C(C)(C)c3ccccc3-4)cc21,1.522775168396992,1.3936035304807344,-1.350280005959949,-1.2120599085293031,1.4501738224602378,0.2235723024862988,0.800032703803943,1.5174894592830883,HOPV15
COc1ccc(C=Cc2ccc(C=Cc3cc(C)c(C=Cc4ccc(C=Cc5cc(C)c(C=Cc6ccc(C=Cc7cc(C)c(C=O)cc7C)s6)cc5C)s4)cc3C)s2)cc1,1.522775168396992,1.3936035304807344,-1.350280005959949,-1.2120599085293031,-1.383429267072197,-1.1867281310018245,-1.2596353890558338,-1.162448437600533,HOPV15
COc1ccc(N(c2ccc(C=Cc3ccc(C=C(C#N)C(=O)O)s3)cc2)c2ccc(OC)cc2)cc1,1.522775168396992,1.3936035304807344,-1.350280005959949,-1.2120599085293031,1.3238616490784056,-0.150370994271916,1.1878363196143615,1.143544636462118,HOPV15
Cc1cc(C=C2C(=O)c3ccccc3C2=O)sc1-c1cc(C)c(-c2cc(C)c(-c3ccc(-c4sc(-c5sc(C6=S=C(C=C7C(=O)c8ccccc8C7=O)C=C6C)cc5C)cc4C)s3)s2)s1,-0.5294098624479303,-0.7447440871594413,0.2790292201830796,0.4866752173363401,0.4944117105377075,0.4158859979619522,0.0158076140539862,1.2058687735989464,HOPV15
CC(=O)c1sc2csc(-c3cc4c(s3)c(C)c3ccsc3c4C)c2c1F,-0.6821882249051981,-0.8006892283186319,0.5772034576471633,0.669089727496409,0.0607399152600838,0.7364088237547073,-0.2556549170133066,0.5826274022306625,HOPV15
Cc1cc2c3ccsc3c3sc(-c4ccc(-c5cnc(-c6cccs6)c6nsnc65)s4)cc3c2cc1C,-0.6904465147677533,-0.73231183356851,0.7156414964697734,-1.2120599085293031,1.0291332445207972,-0.0648982407271811,1.2223077521308432,0.563930161089614,HOPV15
COC(=O)c1sc2csc(-c3cc4c(s3)c(OC)c3ccsc3c4OC)c2c1F,-0.6037344712109257,-0.6639344388183882,0.6091506973754579,0.7032924481514221,1.4501738224602378,0.0953631721691966,1.2093809649371623,1.0126639484747788,HOPV15
COc1ccc(N(c2ccc(OC)cc2)c2ccc(C(=Cc3ccc(C=C(C#N)C(=O)O)s3)c3ccc(N(c4ccc(OC)cc4)c4ccc(OC)cc4)cc3)cc2)cc1,1.522775168396992,1.3936035304807344,-1.350280005959949,-1.2120599085293031,1.378596924210533,0.1167313605553803,1.0801130930003564,1.0812204993252896,HOPV15
C=Cc1sccc1C(=O)OC,-0.6656716451800881,-0.8442021158868914,0.460063578643416,0.7260942619214307,-0.7350267770454588,0.7364088237547073,-0.6499219264205653,-0.6015312033690774,HOPV15
N#CC(=Cc1ccc(N(c2ccccc2)c2ccccc2)cc1)C(=O)O,1.522775168396992,1.3936035304807344,-1.350280005959949,-1.2120599085293031,-0.1918844315035804,0.2556245850655744,-0.4711013702413169,0.8942480879148045,HOPV15
COc1c2sccc2c2cc(-c3cc(C)c(-c4nc5sc(-c6sccc6C)nc5s4)s3)sc2c1OC,-0.6202510509360357,-0.4090732402042974,1.088359293299878,0.9655133065065212,-0.1497803737096364,0.9500907076165443,-0.643458532823725,1.0001991210474128,HOPV15
COC(=O)C(C#N)=Cc1cc(C)c(-c2ccc(-c3sc(-c4ccc5c6ccc(-c7cc(C)c(-c8ccc(-c9sc(C=C(C#N)C(=O)OC)cc9C)s8)s7)cc6n(C)c5c4)cc3C)s2)s1,-0.5996053262796479,-0.6017731708637319,0.7049924165603418,0.9769142133915256,-0.052941040783565,1.3240340043747585,-0.5034183382255183,0.520303265093834,HOPV15
Cc1ccsc1-c1sc(-c2sc(-c3ccc4c(c3)C(C)(C)c3ccccc3-4)cc2C)c2nc3c(nc21)-c1cccc2cccc-3c12,-0.5252807175166528,-0.6950150727957163,0.3535727795491005,-1.2120599085293031,-1.2781691225873368,-0.6792336568299622,-1.2897978925077556,-0.2899105176849353,HOPV15
Cc1ccc(C2(c3ccc(C)cc3)c3ccsc3-c3cc4c(cc32)-c2sc(-c3ccc(-c5ccc(C6=C7C(=O)N(C)C(c8cccs8)=C7C(=O)N6C)s5)s3)cc2C4(c2ccc(C)cc2)c2ccc(C)cc2)cc1,1.522775168396992,1.3936035304807344,-1.350280005959949,0.3840670553713011,0.1870520886419161,0.1487836431346559,0.390684442670724,0.0840343051360351,HOPV15
COC(=O)c1cc2c(csc2-c2cc3c(s2)c(OC)c2ccsc2c3OC)s1,-0.5232161450510141,-0.6079892976591976,0.4973353583264266,0.6348870068413963,0.6586175359340896,-0.866205305209069,1.4032827728423716,0.6636487805085391,HOPV15
COc1ccsc1-c1sc(-c2scc3c2C(=O)N(C)C3=O)cc1OC,-0.5211515725853755,-0.7447440871594413,0.2577310603642164,0.4980761242213444,-0.9918615295885176,-1.6675123696909575,-0.2362647362227858,-0.2899105176849353,HOPV15
COc1c2ccsc2c(OC)c2cc(-c3cc(C)c(-c4sc(-c5sccc5C)c5c4C(=O)N(C)C5=O)s3)sc21,-0.7702766501044088,-0.9229397219648612,0.5949519241664322,0.9199096789665044,0.0607399152600838,0.896670236651085,-0.1910209810449037,0.2710067165465203,HOPV15
Cc1nc2c3ccsc3c3sc(-c4ccc(-c5cnc(C6=S=CC=C6)c6nsnc65)s4)cc3c2nc1C,-0.7482545438056384,-0.7447440871594413,0.8434304553829522,-1.2120599085293031,0.7638776804189498,0.1487836431346559,1.0779586284680762,0.1525908559865464,HOPV15
COc1cccc2c1ccc(-c1ccc(-c3ccc(-c4cccs4)c4nsnc43)s1)c2OC,-0.7110922394241408,-0.8835709189227684,0.5097592848909795,0.9047084697902988,0.1660000597449442,0.5761474108583294,0.3260505067023208,-0.1403325885565472,HOPV15
CC1(C)c2cc(-c3ccc(-c4ccc(C=C(C#N)C#N)s4)s3)ccc2-c2ccc(N(c3ccccc3)c3ccccc3)cc21,1.522775168396992,1.3936035304807344,-1.350280005959949,-1.2120599085293031,-0.9244950371182068,0.896670236651085,-0.7684174756959709,-1.0378001633268763,HOPV15
Cc1ccc(-c2sc(-c3ccc(-c4ccc(N(c5ccc(-c6ccc(-c7sc(-c8ccc(C)s8)c8c7OCCO8)s6)cc5)c5ccc(-c6ccc(-c7sc(-c8ccc(C)s8)c8c7OCCO8)s6)cc5)cc4)s3)c3c2OCCO3)s1,1.522775168396992,1.3936035304807344,-1.350280005959949,-1.2120599085293031,-1.5644767155861563,-1.560671427760039,-1.7422354442865766,-1.910338083242474,HOPV15
Cn1c2ccccc2c2cc(-c3cc4c(s3)-c3sc(C=C(C#N)C(=O)O)cc3C4(C)C)ccc21,1.522775168396992,1.3936035304807344,-1.350280005959949,-1.2120599085293031,1.6185900536360138,0.7898292947201665,0.6298300057538152,1.5174894592830883,HOPV15
Cn1c2ccccc2c2ccc(-c3ccc(-c4nnc(-c5cccs5)c5nccnc45)s3)cc21,-0.8432248772250213,-1.0182536661599288,0.6197997772848896,0.9655133065065212,-1.5392142809097902,-0.3320005955544769,-1.7099184763023754,-1.100124300463705,HOPV15
CC(=O)c1cc2csc(-c3cc4c(s3)c(-c3ccc(C)s3)c3ccsc3c4-c3ccc(C)s3)c2s1,-0.5872178914858156,-0.6266376780455944,0.6304488571943211,0.5892833793013791,1.6143796478566197,0.0953631721691966,1.9375899768478368,0.3769577496791288,HOPV15
COc1ccc(N(c2ccc(OC)cc2)c2ccc(-c3ccc(C=C(C#N)C(=O)O)s3)cc2)cc1,1.522775168396992,1.3936035304807344,-1.350280005959949,-1.2120599085293031,1.1133413601086857,0.3090450560310337,0.5091799919461294,1.4551653221462602,HOPV15
Cc1cc(-c2c3ccsc3c(-c3cc(C)c(C)s3)c3cc(-c4ccc5c(c4)N(C)C(=O)C5=C4c5ccccc5N(C)C4=O)sc32)sc1C,-0.8349665873624661,-1.067982680523654,0.5133089781905739,0.5664815655313704,0.0775815383776615,1.1637725914783807,-0.0574441800435371,-0.1029381062744501,HOPV15
Cn1c(-c2ccc(C=C(C#N)C(=O)O)s2)ccc1-c1ccc2c(c1)C(C)(C)c1cc(N(c3ccccc3)c3cccc4ccccc43)ccc1-2,-0.6037344712109257,-0.4277216205906944,1.0138157339338574,-1.2120599085293031,1.0207124329620083,-0.4388415374853954,1.7889319241205095,0.3333308536833487,HOPV15
Cn1c(-c2ccc(C=C(C#N)C(=O)O)s2)ccc1-c1ccc2c(c1)C(C)(C)c1cc(N(c3ccccc3)c3cccc4ccccc43)ccc1-2,1.522775168396992,1.3936035304807344,-1.350280005959949,-1.2120599085293031,1.0207124329620083,-0.4388415374853954,1.7889319241205095,0.3333308536833487,HOPV15
Cn1c2ccccc2c2ccc(-c3ccc(C4=C5C(=O)N(C)C(c6cccs6)=C5C(=O)N4C)s3)cc21,1.522775168396992,1.3936035304807344,-1.350280005959949,0.5892833793013791,0.0186358574661397,0.2556245850655744,0.1321486987971115,0.1463584422728635,HOPV15
C=Cc1ccc(N(c2ccccc2)c2ccc(C=C3SC(=S)N(CC(=O)O)C3=O)cc2)cc1,1.522775168396992,1.3936035304807344,-1.350280005959949,-1.2120599085293031,0.8775586364625985,-0.8501791639194318,2.092711423172004,0.2710067165465203,HOPV15
CC1(C)c2ccccc2-c2ccc(-c3ccc(-c4ccc(C5=C(c6ccccc6)C(c6ccccc6)=C(c6ccc(-c7cccs7)s6)[Si]5(C)C)s4)s3)cc21,-0.5789596016232604,1.3936035304807344,-1.350280005959949,1.0453196547015515,-0.7518684001630364,0.1487836431346559,-0.5055728027577985,-0.4955801702364689,HOPV15
COc1c2ccsc2c(OC)c2cc(-c3scc4sc(C(C)=O)cc43)sc21,-0.5913470364170931,-0.8131214819095631,0.3216255398208058,-1.2120599085293031,1.1975494756965732,-0.1183187116926404,1.3386488368739684,0.7072756765043192,HOPV15
N#CC(=Cc1ccc(C=Cc2ccc(N(c3ccccc3)c3ccccc3)cc2)s1)C(=O)O,1.522775168396992,1.3936035304807344,-1.350280005959949,-1.2120599085293031,0.5659886087874124,-0.3320005955544769,0.7353987678355401,0.9565722250516328,HOPV15
N#CC(=CC=Cc1ccc(N(c2ccccc2)c2ccccc2)cc1)C(=O)O,1.522775168396992,1.3936035304807344,-1.350280005959949,-1.2120599085293031,0.6501967243753006,0.0419427012037373,0.5630416052531318,0.8319239507779761,HOPV15
COc1c2ccsc2c(OC)c2c1=S=C(c1ccc(-c3sc(-c4nc(C)c(-c5cccs5)s4)nc3C)s1)C=2,-0.6546605920286385,-0.4090732402042974,1.1771016258749247,1.011116934046539,0.0270566690249286,0.7364088237547073,-0.1393138322701812,0.2710067165465203,HOPV15
Cn1c2cc(C=C(C#N)C#N)sc2c2sc(C=C(C#N)C#N)cc21,1.522775168396992,1.3936035304807344,-1.350280005959949,1.0681214684715603,-1.4802685999982683,-1.1065974245536356,-1.5677238171718886,-0.850827751916391,HOPV15
Cc1csc(C#Cc2cccc3nsnc32)c1C,1.522775168396992,1.3936035304807344,-1.350280005959949,-1.2120599085293031,-1.5813183387037342,-3.8577516792747857,-1.8284140255777808,-3.281469100252699,HOPV15
Cc1ccc(-c2c3ccsc3c(-c3ccc(C)s3)c3cc(-c4ccc(-c5nc6sc(-c7cccs7)nc6s5)s4)sc32)s1,-0.6656716451800881,-0.5955570440682664,0.8860267750206785,1.0681214684715603,0.6165134781401453,0.682988352789248,0.4122290879935249,0.3956549908201772,HOPV15
CN1C(=O)c2csc(-c3cc4c(s3)-c3sccc3C4(C)C)c2C1=O,-0.6235543668810577,-0.8031756790368181,0.4217268909694623,0.6189257372023903,0.9828187809474586,0.362465526996493,0.9723898663863512,0.40188740453386,HOPV15
COc1c2ccsc2c(OC)c2cc(-c3sc(C4=S=Cc5ccccc54)c4ccccc43)sc21,-0.5830887465545378,-0.9685246517962038,0.0341003822661537,0.2700579865212581,-1.5518454982479737,-2.4153989632073865,-1.6043497142206502,-1.7233656718319887,HOPV15
COc1ccc(-c2nc3c(-c4cccs4)ccc(-c4ccc(-c5ccc6c7ccccc7n(C)c6c5)s4)c3nc2-c2ccc(OC)cc2)cc1,-0.6698007901113655,-0.7012311995911821,0.7156414964697734,-1.2120599085293031,0.1028439730540279,0.5227269398928702,0.3174326485732006,-0.2275863805481069,HOPV15
Cc1ccc(-c2c3sc4cc(-c5scc6cc(S(C)(=O)=O)sc65)sc4c3c(-c3ccc(C)s3)c3sc4ccsc4c32)s1,-0.6285093407985906,1.3936035304807344,-1.350280005959949,0.6006842861863834,1.6985877634445077,0.0419427012037373,1.754460491604028,0.7153778143321067,HOPV15
C#Cc1cc2c(s1)-c1sc(C#Cc3scc4nc(-c5ccccc5)c(-c5ccccc5)nc34)cc1C2(C)C,1.522775168396992,1.3936035304807344,-1.350280005959949,-1.2120599085293031,-1.0171239642648835,0.5227269398928702,-0.942929102810659,-0.7885036147795627,HOPV15
COc1c2ccsc2c(OC)c2cc(-c3scc4cc(C(C)=O)sc43)sc21,-0.5707013117607056,-0.6017731708637319,0.6304488571943211,0.6177856465138898,1.1975494756965732,-0.1183187116926404,1.3386488368739684,0.7072756765043192,HOPV15
COc1ccc(N(c2ccc(OC)cc2)c2ccc(-c3ccc(C=C(C#N)C(=O)O)o3)cc2)cc1,1.522775168396992,1.3936035304807344,-1.350280005959949,-1.2120599085293031,1.4375426051220543,0.3838337153826767,0.774179129416582,1.3803763575820658,HOPV15
CSc1ccc(-c2ccc(-c3csc(-c4cc(-c5ccc(-c6ccc(SC)s6)s5)sc4-c4sc(-c5ccc(-c6ccc(SC)s6)s5)cc4-c4ccc(-c5ccc(-c6ccc(SC)s6)s5)s4)c3)s2)s1,1.522775168396992,1.3936035304807344,-1.350280005959949,-1.2120599085293031,-1.497110223115846,-1.1333076600363654,-1.5418702427845272,-3.281469100252699,HOPV15
C=Cc1cc(OC)ccc1OC,-0.7069630944928634,1.3936035304807344,-1.350280005959949,-1.2120599085293031,-0.2760925470914684,-0.0648982407271811,-0.4926460155641178,1.0812204993252896,HOPV15
COc1c2ccsc2c(OC)c2c1=S=C(c1cc(C)c(-c3sc(-c4nc(C)c(-c5sccc5C)s4)nc3C)s1)C=2,-0.9340660657131264,-0.2412378167267254,2.1852145239713288,1.056720561586556,-1.5434246866891843,0.2022041141001151,-1.7336175861574563,-1.6984360169772574,HOPV15
COc1c2ccsc2c(OC)c2cc(-c3scc4sc(C(C)=O)c(F)c43)sc21,-0.632638485729868,-0.7509602139549071,0.5346071380094369,-1.2120599085293031,1.660694111429958,0.2022041141001151,1.4463720634879735,0.8942480879148045,HOPV15
CC1(C)c2cc(C=C(C#N)c3ccc(C=C(C#N)C(=O)O)s3)ccc2-c2ccc(N(c3ccccc3)c3ccccc3)cc21,1.522775168396992,1.3936035304807344,-1.350280005959949,-1.2120599085293031,0.2459977695534377,-0.759364363278151,0.541496959930331,1.0188963621884612,HOPV15
Cc1ccc(-c2ccc(-c3c4cc(-c5cc(C)c(-c6ccc(-c7sc(C=C8SC(=S)N(C)C8=O)cc7C)s6)s5)sc4c(-c4ccc(-c5ccc(C)s5)s4)c4cc(-c5cc(C)c(-c6ccc(-c7sc(C=C8SC(=S)N(C)C8=O)cc7C)s6)s5)sc43)s2)s1,-0.5707013117607056,-0.651502185227457,0.5452562179188686,0.7944997032314567,1.6101692420772251,0.9500907076165443,0.7504800195615009,1.1061501541800214,HOPV15
Cc1ccc(C2(c3ccc(C)cc3)c3ccsc3-c3cc4c(cc32)-c2sc(-c3ccc(-c5ccc(-c6cccs6)c6nsnc65)s3)cc2C4(c2ccc(C)cc2)c2ccc(C)cc2)cc1,-0.7193505292866956,-0.8814988766596852,0.5346071380094369,0.7260942619214307,0.2207353348770714,0.4158859979619522,0.3475951520251217,0.0217101679992067,HOPV15
Cn1c2ccccc2c2ccc(-c3ccc(-c4nnc(-c5cccs5)c5nonc54)s3)cc21,-0.8308374424311886,-1.1860890896375011,0.3003273800019427,0.5778824724163747,-1.370798049734014,0.5227269398928702,-1.5009354166712054,-0.9131518890532194,HOPV15
Cc1csc(-c2ccc(-c3cc(C)c(-c4cc5c(s4)c4sccc4c4cc(C)c(C)cc54)s3)c3nsnc32)c1,-0.6821882249051981,-0.651502185227457,0.8327813754735204,0.623486099956392,0.5659886087874124,-0.2785801245890176,1.2309256102599633,0.0840343051360351,HOPV15
COc1ccc2c(c1)-c1cc(OC)c(-c3ccc(-c4ccc(-c5cccs5)c5nsnc54)s3)cc1[Si]2(C)C,-0.6560369736751502,-0.8172655664419457,0.4813617384622791,0.8097009124076623,0.1238960019509999,-0.2785801245890176,0.5630416052531318,0.1027315462770834,HOPV15
Cn1c(-c2ccc(C=C(C#N)C(=O)O)s2)ccc1-c1ccc(N(c2ccccc2)c2ccccc2)cc1,-0.5872178914858156,-0.5209635225226789,0.8114832156546573,-1.2120599085293031,0.435466029626186,-0.8127848342436104,1.2309256102599633,0.4579791279570055,HOPV15
Cc1ccc(-c2nc3c(nc2-c2ccc(C)cc2)c(-c2ccc(-c4ccc5c(c4)C(C)(C)c4ccccc4-5)s2)sc3-c2cccs2)cc1,1.522775168396992,1.3936035304807344,-1.350280005959949,-1.2120599085293031,-0.9708095006915456,-0.4388415374853954,-0.9881728579885412,0.3333308536833487,HOPV15
CC1(C)c2ccccc2-c2cc3c(cc21)-c1ccc(-c2ccc(-c4ccc(-c5cccs5)c5nsnc54)s2)cc1C3(C)C,-0.7399962539430835,-0.7509602139549071,0.8114832156546573,1.0339187478165472,-0.5539793285314993,1.4842954172711365,-0.5141906608869189,-0.7885036147795627,HOPV15
Cc1csc(-c2sc(-c3nc4cc5sc(-c6cc(C)c(-c7cc(C)cs7)s6)nc5cc4s3)cc2C)c1,-0.7069630944928634,-0.3469119722496411,1.4184807704922564,1.2961396061716468,-1.3244835861606754,-1.0264667181054468,-1.0700425102151851,-1.2247725747373617,HOPV15
COC(=O)C(C#N)=Cc1cc(C)c(-c2cc(C)c(-c3ccc(-c4sc(-c5sc(-c6cc7c(s6)c(OC)c6cc(-c8cc(C)c(-c9cc(C)c(-c%10ccc(-c%11sc(-c%12sc(C=C(C#N)C(=O)OC)cc%12C)cc%11C)s%10)s9)s8)sc6c7OC)cc5C)cc4C)s3)s2)s1,-0.533539007379208,-0.6266376780455944,0.4920108183717107,0.8287024238864696,0.5786198261255957,0.362465526996493,0.2204817446205957,0.9752694661926812,HOPV15
COC(=O)c1cc2c(-c3cccs3)sc(-c3ccc(-c4cc5c(s4)c(-c4ccc(C)s4)c4ccsc4c5-c4ccc(C)s4)s3)c2s1,-0.500505847928988,-0.5333957761136101,0.5665543777377317,0.623486099956392,0.3133642620237482,-0.866205305209069,0.800032703803943,0.875550846773756,HOPV15
Cc1ccsc1-c1nnc(-c2sc(-c3cc4c(s3)-c3sccc3C4(C)C)cc2C)nn1,-0.7379316814774445,-1.0213617295576616,0.3429236996396689,0.7431956222489373,-1.0718592393970112,-0.8127848342436104,-0.4861826219672774,-1.162448437600533,HOPV15
COC(=O)C(C#N)=CC1=S=C(c2cc(C)c(-c3ccc(-c4sc(-c5sc(-c6ccc(-c7cc(C)c(-c8cc(C)c(-c9ccc(-c%10sc(C%11=S=C(C=C(C#N)C(=O)OC)C=C%11C)cc%10C)s9)s8)s7)c7nsnc76)cc5C)cc4C)s3)s2)C(C)=C1,-0.533539007379208,-0.6017731708637319,0.5346071380094369,0.6120851930713878,-0.2887237644296518,0.3090450560310337,-0.2987442076589087,0.1712880971275948,HOPV15
CN1C(=O)C2=C(c3ccc(-c4ccc5ccccc5c4)s3)N(C)C(=O)C2=C1c1cccs1,-0.6615425002488107,-0.6577183120229224,0.7688868960169313,0.4980761242213444,0.3975723776116364,0.2022041141001151,0.7138541225127393,-0.0406139691376217,HOPV15
CC1(C)c2ccccc2-c2ccc(N(c3ccc4cc(C=Cc5ccc(C=C(C#N)C(=O)O)s5)sc4c3)c3ccc4c(c3)C(C)(C)c3ccccc3-4)cc21,1.522775168396992,1.3936035304807344,-1.350280005959949,-1.2120599085293031,0.7301944341837945,-0.2785801245890176,0.8991380722888278,0.7695998136411476,HOPV15
Cc1ccsc1-c1cc(C)c(-c2ccc(-c3cc(C)c(C4=S=C(c5ccc6c7cc8c(cc7n(C)c6c5)c5ccccc5n8C)C(C)=C4)s3)c3nsnc32)s1,-0.6119927610734806,-0.5644764100909381,0.800834135745226,0.9427114927365128,-0.0613618523423539,-0.1717391826580997,0.1472299505230723,0.2710067165465203,HOPV15
C[Si]1(C)c2ccsc2-c2sc(-c3cccc4nonc43)cc21,-0.7482545438056384,-0.9063633838415478,0.5665543777377317,-1.2120599085293031,0.6923007821692448,-0.2251596536235584,1.123202383645958,0.3333308536833487,HOPV15
COc1ccc(N(c2ccc(OC)cc2)c2ccc(-c3cc4c(s3)-c3sc(C=C(C#N)C(=O)O)cc3C4(C)C)cc2)cc1,1.522775168396992,1.3936035304807344,-1.350280005959949,-1.2120599085293031,2.334359036133063,1.21719306244384,1.0370238023547544,1.3305170478726034,HOPV15
COC(=O)c1cc2csc(-c3cc4c(s3)c(-c3ccc(C)s3)c3ccsc3c4-c3ccc(C)s3)c2s1,-0.5789596016232604,-0.6079892976591976,0.6410979371037526,0.5892833793013791,1.0333436503001916,-0.2251596536235584,1.3149497270188877,0.6200218845127595,HOPV15
CC1(C)c2cc(-c3ccc(C=C(C#N)C(=O)O)s3)ccc2-c2ccc(N(c3ccccc3)c3cccc4ccccc43)cc21,1.522775168396992,1.3936035304807344,-1.350280005959949,-1.2120599085293031,1.3238616490784056,-0.2785801245890176,1.7221435236198268,0.7072756765043192,HOPV15
C[Si](C)(C)C#Cc1c2ccccc2c2ccc3c(C#C[Si](C)(C)C)c4ccccc4c4ccc1c2c34,1.522775168396992,1.3936035304807344,-1.350280005959949,-1.2120599085293031,-0.633977038339993,0.5761474108583294,-0.4172397569343143,-0.7261794776427343,HOPV15
COc1cccc(C2N=c3c(-c4cccs4)ccc(-c4ccc(-c5ccc6c(c5)C(C)(C)c5ccccc5-6)s4)c3=NC2c2cccc(OC)c2)c1,-1.078586138307839,-0.8442021158868914,1.5249715695865722,0.9541123996215172,-0.0234682003278041,1.4842954172711365,-0.5357353062097199,0.6449515393674908,HOPV15
Cc1csc(C2=NC3SC(c4cc(C)c(-c5cc6c(s5)-c5sccc5[Si]6(C)C)s4)=NC3S2)c1,-0.558313876966873,-0.7260957067730446,0.385520019277395,0.7944997032314567,0.8944002595801761,0.0419427012037373,0.5953585732373335,1.1809391187442149,HOPV15
Cn1c2ccsc2c2sc(-c3ccc(C4=C5C(=O)N(C)C(c6cccs6)=C5C(=O)N4C)s3)cc21,-0.5500555871043178,-0.8690666230687539,0.119293021541606,0.0762425694761845,-0.4445087782672446,-1.8277737825873352,1.3601934821967698,-0.2899105176849353,HOPV15
COc1c(OC)c(-c2ccc(-c3ccc(-c4ccc5c6ccccc6n(C)c5c4)s3)s2)c2nsnc2c1-c1ccc(-c2cccs2)s1,-0.6243801958673132,-0.651502185227457,0.6836942567414787,0.98831512027653,0.1533688424067608,0.9500907076165443,-0.0100459603333751,0.0964991325634009,HOPV15
Cc1csc(-c2sc(-c3ccc(-c4cc(C)c(-c5cc(C)c(-c6ccc7c8cc9c(cc8n(C)c7c6)c6ccccc6n9C)s5)s4)c4nsnc43)cc2C)c1,-0.6243801958673132,-0.5955570440682664,0.7795359759263628,0.9541123996215172,-0.0655722581217482,-0.1717391826580997,0.1472299505230723,0.2710067165465203,HOPV15
Cc1ccsc1-c1ccc(-c2sc(-c3nc(C)c(-c4ccc(C5=S=C(c6cc7c(s6)-c6sccc6[Si]7(C)C)C=C5C)s4)s3)nc2C)s1,-0.5707013117607056,-0.4215054937952286,0.939272174567836,0.9427114927365128,0.0270566690249286,-0.0114777697617219,0.0416611884413473,0.526535678807517,HOPV15
Cc1c2ccsc2c2sc(-c3ccc(C4=C5C(=O)N(C)C(c6cccs6)=C5C(=O)N4C)s3)cc2c1C,-0.6285093407985906,-0.8628504962732882,0.3322746197302374,0.3156616140612754,0.2712602042298043,-0.0114777697617219,0.3260505067023208,0.5826274022306625,HOPV15
CC1(C)CC(C=Cc2ccc(N(c3ccccc3)c3ccc(N(c4ccccc4)c4ccccc4)cc3)cc2)=CC(=C(C#N)C(=O)O)C1,-0.517022427654098,-0.3282635918632443,0.9605703343866993,-1.2120599085293031,-0.4066151262526951,-0.9570201058503498,-0.1005334706891394,0.7072756765043192,HOPV15
C(=C1Sc2ccccc2S1)c1ccc(N(c2ccc(C=C3Sc4ccccc4S3)cc2)c2ccc(C=C3Sc4ccccc4S3)cc2)cc1,1.522775168396992,1.3936035304807344,-1.350280005959949,-1.2120599085293031,-1.5350038751303958,-1.7209328406564166,-1.640975611269412,-1.2870967118741898,HOPV15
C=Cc1ccc2c3ccccc3n(-c3ccc(OC)cc3)c2c1,-0.7936751380496911,-0.3655603526360381,1.6101642088620245,1.9573922055018969,-1.412902107527958,0.682988352789248,-1.636666682204852,-0.4145587919585922,HOPV15
COc1c2ccsc2c(OC)c2cc(-c3scc4sc(S(C)(=O)=O)cc43)sc21,-0.5913470364170931,-0.7758247211367696,0.385520019277395,-1.2120599085293031,1.0375540560795855,0.2022041141001151,1.2093809649371623,0.3333308536833487,HOPV15
CC1=CC(c2ccc(-c3cc(C)c(-c4cc5c(s4)c4sccc4c4nc(C)c(C)nc54)s3)c3nsnc32)=S=C1,-0.7317379640805283,-0.6452860584319912,0.971219414296131,0.7260942619214307,0.22915614643586,0.5761474108583294,0.623366612156975,-0.4394884468133234,HOPV15
Cc1cc(C=C2C(=O)c3ccccc3C2=O)sc1-c1cc(C)c(-c2ccc(-c3sc(C4=S=C(C=C5C(=O)c6ccccc6C5=O)C=C4C)cc3C)s2)s1,-0.5872178914858156,-0.6950150727957163,0.5133089781905739,0.5664815655313704,0.1028439730540279,0.3090450560310337,-0.076834360834058,0.6449515393674908,HOPV15
CN1C(=O)c2csc(-c3cc4c(s3)-c3sccc3[Si]4(C)C)c2C1=O,-0.7221032925755905,-0.900147257046082,0.6943433366509103,0.7324280990848335,1.4922778802541816,0.8432497656856258,0.800032703803943,0.9565722250516328,HOPV15
Cn1c2ccccc2c2ccc(-c3ccc(-c4ccc(-c5cccs5)c5nsnc54)s3)cc21,-0.6780590799739208,-0.6763666924093195,0.7795359759263628,0.9313105858515084,0.4733596816407356,0.7364088237547073,0.1429210214585122,0.5826274022306625,HOPV15
Cc1ccc(-c2ccc(-c3ncc(-c4cc5c(s4)-c4sc(-c6cnc(-c7ccc(-c8ccc(C)s8)s7)c7nsnc76)cc4[Si]5(C)C)c4nsnc43)s2)s1,-0.6078636161422031,-0.8442021158868914,0.3109764599113743,0.5094770311063488,-0.2339884892975244,-0.1183187116926404,0.51995231460753,-0.6638553405059058,HOPV15
COc1c2cc(-c3cc4c(s3)-c3sc(C5=NC6SC(c7cc8c(s7)-c7sccc7[Si]8(C)C)=NC6S5)cc3[Si]4(C)C)sc2c(OC)c2ccsc21,-0.7069630944928634,-0.8442021158868914,0.5665543777377317,0.805900610116461,0.6501967243753006,-0.1717391826580997,0.670764831867137,0.8319239507779761,HOPV15
Cc1csc(-c2cc3c4nsnc4c(-c4cc(C)cs4)cc3c3nsnc32)c1,-0.7647711235307484,-0.7944731015231664,0.800834135745226,1.0909232822415689,-1.5813183387037342,-3.8577516792747857,-1.8284140255777808,-3.281469100252699,HOPV15
Cn1c(-c2ccc(-c3cccc4nsnc43)s2)ccc1C1=S=CC=C1,-0.7482545438056384,-0.9250117642279444,0.5346071380094369,0.6120851930713878,-1.1602777607642936,-0.0114777697617219,-1.1605300205709494,-0.975476026190048,HOPV15
CC1(C)c2ccsc2-c2cc3c(cc21)-c1sc(-c2cccc4nsnc42)cc1C3(C)C,-0.675994507508282,-0.8752827498642195,0.4334408788698372,-1.2120599085293031,0.2965226389061706,0.362465526996493,0.6384478638829354,-0.2275863805481069,HOPV15
CSc1ccc(-c2ccc(-c3ccc([Si](c4ccc(-c5ccc(-c6ccc(SC)s6)s5)s4)(c4ccc(-c5ccc(-c6ccc(SC)s6)s5)s4)c4ccc(-c5ccc(-c6ccc(SC)s6)s5)s4)s3)s2)s1,1.522775168396992,1.3936035304807344,-1.350280005959949,-1.2120599085293031,-1.4550061653219022,0.682988352789248,-1.5246345265262864,-1.7856898089688171,HOPV15
Cc1cc(-c2ccc(-c3cc(C)c(-c4cccs4)s3)c3nsnc32)sc1-c1cccs1,-0.5707013117607056,-0.8006892283186319,0.2896783000925111,0.669089727496409,-0.4866128360611887,0.0953631721691966,-0.621913887500924,0.6449515393674908,HOPV15
COc1ccc(N(c2ccc(C=Cc3sc(C=C(C#N)C(=O)O)c4c3OCCO4)cc2)c2ccc(OC)cc2)cc1,1.522775168396992,1.3936035304807344,-1.350280005959949,-1.2120599085293031,1.4922778802541816,0.0419427012037373,0.9939345117091524,1.4551653221462602,HOPV15
Cc1ccsc1-c1ccc(-c2sc(-c3ccc4c(c3)N(C)C(=O)C4=C3c4ccccc4N(C)C3=O)cc2C)s1,-0.8803871816065187,-0.9871730321826008,0.7688868960169313,0.4980761242213444,1.071237302314741,-0.1183187116926404,0.9939345117091524,1.0188963621884612,HOPV15
CN1C(=O)C2=C(c3ccc(-c4cc5ccccc5o4)s3)N(C)C(=O)C2=C1c1ccc(-c2cc3ccccc3o2)s1,-0.6243801958673132,-0.7198795799775788,0.5665543777377317,-1.2120599085293031,0.2712602042298043,1.0569316495474628,0.3260505067023208,-0.2899105176849353,HOPV15
CN1C(=O)C2=C(c3cc4sc(-c5cccs5)cc4s3)N(C)C(=O)C2=C1c1cc2sccc2s1,-0.5665721668294278,-0.8939311302506165,0.119293021541606,-1.2120599085293031,0.6923007821692448,-0.759364363278151,1.4032827728423716,0.520303265093834,HOPV15
CC1(C)c2ccccc2-c2ccc(N(c3ccc(-c4ccc(C=CC=C(C#N)C(=O)O)s4)cc3)c3ccc4c(c3)C(C)(C)c3ccccc3-4)cc21,1.522775168396992,1.3936035304807344,-1.350280005959949,-1.2120599085293031,0.5744094203462013,-0.1717391826580997,0.4273103397194857,1.143544636462118,HOPV15
CC1(C)c2ccccc2-c2ccc(-c3ccc(N(c4ccccc4)c4ccc(C=Cc5ccc(C=C(C#N)C#N)s5)cc4)cc3)cc21,-0.6656716451800881,-0.7198795799775788,0.6730451768320471,0.9541123996215172,0.414414000729214,1.4308749463056771,0.2441808544756767,-0.1652622434112785,HOPV15
COc1cc2c3ccsc3c3sc(-c4sc(-c5ccc(-c6cc(C)cs6)c6nsnc65)cc4C)cc3c2cc1OC,-0.5996053262796479,-0.8069053551140977,0.3535727795491005,0.6576888206114048,0.6375655070371172,-0.4388415374853954,1.0801130930003564,0.5826274022306625,HOPV15
N#CC(C#N)=Cc1ccc(-c2ccc(N(c3ccc(-c4ccc(C=C(C#N)C#N)s4)cc3)c3ccc(-c4ccc(C=C(C#N)C#N)s4)cc3)cc2)s1,1.522775168396992,1.3936035304807344,-1.350280005959949,-1.2120599085293031,-1.1518569492055049,1.2706135334092994,-1.0420344712955436,-1.4740691232846752,HOPV15
Cc1ccsc1-c1nc2sc(-c3sc(-c4cc5c(s4)c(C#C[Si](C)(C)C)c4ccsc4c5C#C[Si](C)(C)C)cc3C)nc2s1,-0.6656716451800881,-0.4712345081589537,1.0990083732093094,0.9997160271615344,0.2417873637740433,0.896670236651085,0.2764978224598783,-0.1777270708386444,HOPV15
COc1cc(OC)cc(-c2nc3c(nc2-c2cc(OC)cc(OC)c2)c(-c2cccs2)sc3-c2cccs2)c1,1.522775168396992,1.3936035304807344,-1.350280005959949,0.1560489176712148,-1.1560673549848992,-0.866205305209069,-1.1605300205709494,0.3333308536833487,HOPV15
Cn1c2ccccc2c2ccc(-c3ccc(-c4ccc(-c5cccs5)c5nccnc45)s3)cc21,-0.6821882249051981,-0.6763666924093195,0.7901850558357941,-1.2120599085293031,-1.3792188612928027,-0.5991029503817733,-1.2467086018621534,-1.4740691232846752,HOPV15
Cc1nc2c(-c3cccs3)nnc(-c3ccc(-c4ccc5c6ccccc6n(C)c5c4)s3)c2nc1C,-0.8556123120188536,-1.086631060910051,0.5346071380094369,0.8287024238864696,-1.412902107527958,1.0035111785820037,-1.643130075801692,-0.539207066232249,HOPV15
CC1(C)c2ccccc2-c2cc3c(cc21)-c1ccc(-c2ccc(-c4ccc(-c5cccs5)c5c4=NC(c4ccccc4)C(c4ccccc4)N=5)s2)cc1C3(C)C,-0.7276088191492509,-0.6950150727957163,0.8753776951112466,1.0681214684715603,-0.3013549817678349,1.4842954172711365,-0.1974843746417438,-0.7885036147795627,HOPV15
Cc1cc(C)cc(-c2ccc(N(c3ccc(-c4cc5c(s4)-c4sc(C=C(C#N)C(=O)O)cc4C5(C)C)cc3)c3ccc(-c4cc(C)cc(C)c4)cc3)cc2)c1,1.522775168396992,1.3936035304807344,-1.350280005959949,-1.2120599085293031,1.9554225159875664,1.110352120512922,0.7677157358197417,1.3928411850094318,HOPV15
COC(=O)C(C#N)=Cc1cc(C)c(-c2ccc(-c3sc(-c4ccc5c(c4)C(C)(C)c4cc(-c6cc(C)c(-c7ccc(-c8sc(C=C(C#N)C(=O)OC)cc8C)s7)s6)ccc4-5)cc3C)s2)s1,-0.6367676306611458,-0.6142054244546632,0.7795359759263628,1.0795223753565644,-0.5792417632078657,1.8582387140293517,-0.8502871279226147,-0.2275863805481069,HOPV15
COc1ccc(C=Cc2ccc(C=Cc3cc(OC)c(C=Cc4ccc(C=Cc5cc(OC)c(C=Cc6ccc(C=Cc7cc(OC)c(C=O)cc7OC)s6)cc5OC)s4)cc3OC)s2)cc1,1.522775168396992,1.3936035304807344,-1.350280005959949,-1.2120599085293031,-1.2402754705727874,-1.1333076600363654,-0.9817094643917008,-0.9131518890532194,HOPV15
N#CC(=Cc1ccc(-c2cc(-c3ccc(-c4ccc(N(c5ccccc5)c5ccccc5)cc4)s3)c(-c3ccc(-c4ccc(N(c5ccccc5)c5ccccc5)cc4)s3)s2)s1)C(=O)O,1.522775168396992,1.3936035304807344,-1.350280005959949,-1.2120599085293031,0.9617667520504868,-0.3854210665199362,1.5325506447791777,0.4579791279570055,HOPV15
Cc1csc(-c2sc(-c3cc(C)c(-c4cccs4)s3)c3sc(C(F)(F)C(F)(F)C(F)(F)C(F)(F)C(F)(F)C(F)(F)F)cc23)c1,-0.5087641377915428,1.3936035304807344,-1.350280005959949,0.6348870068413963,-0.570820951649077,-0.7059438923126918,0.3691397973479227,-0.7885036147795627,HOPV15
Cc1ccsc1-c1nc2sc(-c3sc(-c4ccc5c6ccccc6n(C)c5c4)cc3C)nc2s1,-0.6698007901113655,-0.620421551250129,0.8540795352923836,1.1479278166665905,0.4733596816407356,0.7364088237547073,0.1429210214585122,0.5826274022306625,HOPV15
CC1(C)c2ccccc2-c2ccc(N(c3ccc(-c4cc5sc(C=C(C#N)C(=O)O)cc5s4)cc3)c3ccc4c(c3)C(C)(C)c3ccccc3-4)cc21,1.522775168396992,1.3936035304807344,-1.350280005959949,-1.2120599085293031,1.702798169223902,0.2930189147413959,1.0477961250161547,1.386608771295749,HOPV15
N#CC(=Cc1ccc(OCCCCCCOc2ccc(C=C(C#N)c3ccc([N+](=O)[O-])cc3)cc2O)c(O)c1)c1ccc([N+](=O)[O-])cc1,-0.7069630944928634,-0.9063633838415478,0.460063578643416,0.669089727496409,-0.0950450985775091,-0.4388415374853954,0.2937335387181192,0.2086825794096919,HOPV15
CC1(C)c2ccccc2-c2ccc(N(c3ccc4cc(C=Cc5ccc(C=C(C#N)C(=O)O)s5)oc4c3)c3ccc4c(c3)C(C)(C)c3ccccc3-4)cc21,1.522775168396992,1.3936035304807344,-1.350280005959949,-1.2120599085293031,0.3975723776116364,-0.2785801245890176,0.6341389348183752,0.5826274022306625,HOPV15
Cc1c2cc(-c3ccc(-c4ccc(-c5cccs5)c5nn(C)nc54)s3)sc2c(C)c2ccsc21,-0.6615425002488107,-0.3904248598179006,1.226797332122488,1.0453196547015515,0.22915614643586,-0.1183187116926404,0.5716594633822525,0.1588232697002294,HOPV15
C(=Cc1cccc2nsnc21)c1ccc(N(c2ccc(C=Cc3cccc4nsnc43)cc2)c2ccc(C=Cc3cccc4nsnc43)cc2)cc1,-0.7110922394241408,-0.7012311995911821,0.8221322955640891,-1.2120599085293031,-1.3244835861606754,1.110352120512922,-1.4966264876066453,-0.6015312033690774,HOPV15
C[Si]1(C)c2cc(-c3cnc(-c4cccs4)c4nsnc43)sc2-c2sc(-c3cnc(-c4cccs4)c4nsnc43)cc21,-0.6202510509360357,-0.7571763407503725,0.4920108183717107,0.7032924481514221,-1.5813183387037342,-3.8577516792747857,-1.8284140255777808,-3.281469100252699,HOPV15
Cc1ccsc1-c1ccc(-c2ccc(-c3sccc3C)s2)s1,-0.6863173698364756,-0.7136634531821133,0.7369396562886366,-1.2120599085293031,-1.370798049734014,-1.2935690729327431,-1.7896336639967392,-0.7885036147795627,HOPV15
c1csc(-c2ccc(-c3ccc(-c4c(-c5ccc(-c6cccs6)s5)sc(-c5ccc(-c6cccs6)s5)c4-c4ccc(-c5ccc(-c6cccs6)s5)s4)s3)s2)c1,1.522775168396992,1.3936035304807344,-1.350280005959949,-1.2120599085293031,-1.2444858763521816,0.682988352789248,-1.0420344712955436,-1.6610415346951604,HOPV15
Cc1cc(-c2cc(C)c(C3=S=CC=C3)s2)sc1-c1ccc(-c2cccc3nsnc32)s1,-0.6161219060047579,1.3936035304807344,-1.350280005959949,0.6006842861863834,1.0543956791971634,-0.00079367556863,0.8215773491267443,1.1123825678937038,HOPV15
Cc1ccc(C2(c3ccc(C)cc3)c3ccsc3-c3cc4c(cc32)-c2sc(-c3cncc5nc6c7ccsc7c7sccc7c6nc53)cc2C4(c2ccc(C)cc2)c2ccc(C)cc2)cc1,-0.649155065454978,-0.900147257046082,0.3216255398208058,0.4752743104513358,-0.22977808351813,0.0953631721691966,0.3475951520251217,-0.6015312033690774,HOPV15
C[Si]1(C)c2ccccc2-c2ccc(-c3ccc(-c4ccc(C5=C(c6ccccc6)C(c6ccccc6)=C(c6ccc(-c7cccs7)s6)[Si]5(C)C)s4)s3)cc21,-0.5954761813483704,1.3936035304807344,-1.350280005959949,1.056720561586556,-1.0213343700442783,0.1487836431346559,-0.8481326633903347,-0.850827751916391,HOPV15
Cc1csc(-c2cc(-c3ccc(C)s3)c(-c3ccc(C4=C5C(=O)N(C)C(c6cccs6)=C5C(=O)N4C)s3)s2)c1,1.522775168396992,1.3936035304807344,-1.350280005959949,0.2586570796362538,-0.570820951649077,-0.3854210665199362,-0.1048423997536995,-0.4145587919585922,HOPV15
Cc1c2cc(-c3ccc(-c4c5nn(C)nc5c(-c5cccs5)c(F)c4F)s3)sc2c(C)c2ccsc21,-0.6904465147677533,-0.5023151421362818,1.109657453118741,1.0681214684715603,1.2859679970638558,0.362465526996493,0.7203175161095794,1.2619604970220923,HOPV15
C=Cc1ccc2c3ccc(C=Cc4cccs4)cc3n(-c3ccc(OC)cc3)c2c1,-0.7565128336681932,-0.4215054937952286,1.4184807704922564,1.7521758815718194,-1.412902107527958,-0.1183187116926404,-1.59573185609153,-0.4768829290954205,HOPV15
COc1ccsc1-c1ccc(-c2sc(-c3ccc4c(c3)C(C)(C)c3ccccc3-4)cc2OC)c2nsnc21,-0.5996053262796479,1.3936035304807344,-1.350280005959949,0.6576888206114048,-0.9076534140006292,0.2022041141001151,-0.8998398121650572,-0.2525160354028382,HOPV15
COC(=O)c1cc2csc(-c3ccc(-c4ccc(-c5sc(-c6ccc(-c7sccc7C)s6)cc5C)s4)s3)c2s1,1.522775168396992,1.3936035304807344,-1.350280005959949,0.2814588934062624,-0.9918615295885176,-0.9730462471399876,-0.3978495761437934,-0.7885036147795627,HOPV15
Cc1nc(-c2nc(C)c(-c3ccc(-c4ccc(-c5ccc(N(c6ccccc6)c6ccccc6)cc5)s4)s3)s2)sc1-c1ccc(-c2ccc(-c3ccc(N(c4ccccc4)c4ccccc4)cc3)s2)s1,-0.632638485729868,-0.3531280990451069,1.216148252213057,1.102324189126573,-0.4824024302817944,0.6295678818237888,-0.1651674066575424,-0.7760387873521968,HOPV15
COC(=O)c1sc2c(-c3ccc(-c4cc5c(s4)c(-c4cc(F)c(C)s4)c4ccsc4c5-c4cc(F)c(C)s4)s3)sc(-c3cccs3)c2c1F,-0.6243801958673132,-0.6577183120229224,0.6730451768320471,0.6576888206114048,2.039630631575454,0.3090450560310337,1.4463720634879735,1.2307984284536782,HOPV15
CC1(C)c2ccsc2-c2sc(-c3c4nsnc4cc(F)c3F)cc21,-0.6821882249051981,-0.7944731015231664,0.5878525375565948,0.5094770311063488,0.7765088977571326,0.682988352789248,0.8862112850951471,-0.0406139691376217,HOPV15
COc1c(OC)c(-c2cc3sc(-c4cc5c(s4)c(-c4ccc(C)s4)c4ccsc4c5-c4ccc(C)s4)cc3s2)c2nsnc2c1-c1cc2sccc2s1,-0.5789596016232604,-0.6950150727957163,0.4920108183717107,0.7602969825764437,1.071237302314741,0.4158859979619522,0.7203175161095794,0.8693184330600727,HOPV15
COc1csc2c1C(C)(C)c1cc(-c3scc4c3C(=O)N(C)C4=O)sc1-2,1.522775168396992,1.3936035304807344,-1.350280005959949,0.6918915412664177,-0.3181966048854125,0.2022041141001151,-0.0789888253663385,-0.1652622434112785,HOPV15
Cc1csc(-c2cc(C)c(-c3scc4c3C(=O)N(C)C4=O)s2)c1,1.522775168396992,1.3936035304807344,-1.350280005959949,-1.2120599085293031,0.5238845509934685,1.1637725914783807,0.1321486987971115,0.3333308536833487,HOPV15
Cc1ccc(-c2ccc(-c3ccc(C4=C5C(=O)N(C)C(c6ccc(-c7ccc(C8=S=C(C)C=C8)s7)s6)=C5C(=O)N4C)s3)s2)s1,1.522775168396992,1.3936035304807344,-1.350280005959949,-1.2120599085293031,-0.3181966048854125,0.1487836431346559,0.1536933441199125,-0.539207066232249,HOPV15
COc1ccc(N(c2ccc(OC)cc2)c2ccc(C3c4ccccc4-c4ccc(-c5ccc(-c6c7nsnc7c(-c7cccs7)c7nc(-c8ccccc8)c(-c8ccccc8)nc76)s5)cc43)cc2)cc1,-0.4592143986162126,-0.9063633838415478,-0.1788812159224773,-1.2120599085293031,-1.3286939919400698,-1.6675123696909575,-0.7167103269212484,-1.4740691232846752,HOPV15
Cn1c2ccccc2c2ccc(-c3ccc(-c4cnc(-c5cccs5)c5nonc54)s3)cc21,-0.7689002684620259,-1.0493343001372573,0.3748709393679637,0.6918915412664177,-1.2444858763521816,0.682988352789248,-1.5267889910585666,0.4579791279570055,HOPV15
CC1(C)c2ccccc2-c2ccc(N(c3ccc(-c4cc5sc6cc(C=C(C#N)C(=O)O)sc6c5s4)cc3)c3ccc4c(c3)C(C)(C)c3ccccc3-4)cc21,1.522775168396992,1.3936035304807344,-1.350280005959949,-1.2120599085293031,1.7870062848117898,0.063310889589921,1.2589336491796048,1.4551653221462602,HOPV15
Cn1c2ccccc2c2ccc(-c3ccc(-c4ccc(-c5cccs5)c5nonc54)s3)cc21,-0.7358671090118057,-0.8752827498642195,0.5878525375565948,1.0054164806040369,-0.8234452984127412,1.21719306244384,-1.1820746658937504,0.2086825794096919,HOPV15
C(=Cc1ccc(-c2ccc(N(c3ccc(-c4ccc(C=Cc5cccs5)s4)cc3)c3ccc(-c4ccc(C=Cc5cccs5)s4)cc3)cc2)s1)c1cccs1,1.522775168396992,1.3936035304807344,-1.350280005959949,-1.2120599085293031,-1.3876396728515916,-1.2935690729327431,-1.3264237895565172,-0.7261794776427343,HOPV15
Cc1csc(-c2nc3sc(-c4cc(C)c(-c5cc6c(s5)-c5sccc5[Si]6(C)C)s4)nc3s2)c1,1.522775168396992,1.3936035304807344,-1.350280005959949,0.7944997032314567,0.8944002595801761,0.0419427012037373,0.5953585732373335,1.1809391187442149,HOPV15
CC1(C)c2ccccc2-c2ccc(-c3ccc(-c4ccc(-c5cccs5)c5nsnc54)s3)cc21,-0.7482545438056384,-0.8442021158868914,0.6730451768320471,-1.2120599085293031,0.3133642620237482,1.3240340043747585,0.1321486987971115,-0.1029381062744501,HOPV15
Cc1cc(C=C(C#N)C(=O)O)sc1-c1cc(C)c(-c2cc(C)c(-c3cc4ccc(N(c5ccc6c(c5)C(C)(C)c5ccccc5-6)c5ccc6c(c5)C(C)(C)c5ccccc5-6)cc4s3)s2)s1,1.522775168396992,1.3936035304807344,-1.350280005959949,-1.2120599085293031,2.039630631575454,-0.3106324071682932,1.9311265832509965,1.3305170478726034,HOPV15
COc1cccc(-c2nc3c(-c4cccs4)ccc(-c4ccc(-c5ccc6c(c5)C(C)(C)c5ccccc5-6)s4)c3nc2-c2cccc(OC)c2)c1,-1.078586138307839,-0.8442021158868914,1.5249715695865722,0.9997160271615344,-0.0234682003278041,1.4842954172711365,-0.5357353062097199,0.6449515393674908,HOPV15
CC1(C)c2cc(-c3ccc(C=C(C#N)C(=O)O)s3)ccc2-c2ccc(N(c3ccccc3)c3ccc4ccc5cccc6ccc3c4c56)cc21,1.522775168396992,1.3936035304807344,-1.350280005959949,-1.2120599085293031,-0.1708324026066083,-0.6525234213472325,-0.0229727475270555,0.8942480879148045,HOPV15
N#CC(=Cc1ccc(-c2ccc(-c3cc(-c4ccc(-c5ccc(N(c6ccccc6)c6ccccc6)cc5)s4)c(-c4ccc(-c5ccc(N(c6ccccc6)c6ccccc6)cc5)s4)s3)s2)s1)C(=O)O,1.522775168396992,1.3936035304807344,-1.350280005959949,-1.2120599085293031,0.1491584366273665,-0.5991029503817733,0.6276755412215351,0.3956549908201772,HOPV15
COc1cccc(-c2nc3cccc(-c4cccs4)c3nc2-c2cccc(OC)c2)c1,-0.8308374424311886,-0.6577183120229224,1.205499172303625,-1.2120599085293031,0.8607170133450208,1.0035111785820037,0.1967826347655147,0.9565722250516328,HOPV15
COc1ccc(N(c2ccc(OC)cc2)c2ccc3c(c2)C(C)(C)c2c-3c3c(c4c2-c2ccc(N(c5ccc(OC)cc5)c5ccc(OC)cc5)cc2C4(C)C)-c2ccc(-c4ccc(C=C(C#N)C(=O)O)s4)cc2C3(C)C)cc1,1.522775168396992,1.3936035304807344,-1.350280005959949,-1.2120599085293031,-0.0613618523423539,0.1594677373277477,-0.350451356433631,1.0812204993252896,HOPV15
CC1(C)c2ccccc2-c2cc3c(cc21)-c1cc2c(cc1C3(C)C)-c1ccc(-c3ccc(-c4ccc(-c5cccs5)c5nsnc54)s3)cc1C2(C)C,-0.7276088191492509,-0.7509602139549071,0.7795359759263628,1.022517840931543,0.3133642620237482,1.6979773011329735,0.390684442670724,-0.6638553405059058,HOPV15
COc1c2cc(-c3ccc(C4=C5C(=O)N(C)C(c6cccs6)=C5C(=O)N4C)s3)sc2c(OC)c2ccsc21,-0.6347030581955068,-0.8908230668528835,0.3003273800019427,0.3612652416012925,-0.3897735031351174,-0.1717391826580997,-0.4280120795957148,0.6449515393674908,HOPV15
COc1c2cc(-c3cccs3)sc2c(OC)c2cc(-c3ccc(-c4ccc5c(c4)N(C)C(=O)C5=C4c5ccccc5N(C)C4=O)s3)sc21,-0.8638706018814087,-1.036902046546326,0.6410979371037526,0.623486099956392,0.1954729002007047,0.362465526996493,-0.1328504386733408,0.9565722250516328,HOPV15
Cc1ccc(-c2ccc(-c3ccc(-c4ccc(N(c5ccc(-c6ccc(-c7ccc(-c8ccc(C)s8)s7)s6)cc5)c5ccc(-c6ccc(-c7ccc(-c8ccc(C)s8)s7)s6)cc5)cc4)s3)s2)s1,1.522775168396992,1.3936035304807344,-1.350280005959949,-1.2120599085293031,-1.4297437306455356,-0.2251596536235584,-1.4556916614933233,-1.4740691232846752,HOPV15
N#CC(=Cc1cc(-c2ccc(-c3ccc(N(c4ccccc4)c4ccccc4)cc3)s2)c(-c2ccc(-c3ccc(N(c4ccccc4)c4ccccc4)cc3)s2)s1)C(=O)O,1.522775168396992,1.3936035304807344,-1.350280005959949,-1.2120599085293031,0.923873100035937,-0.2251596536235584,1.2955595462283664,0.520303265093834,HOPV15
COC(=O)c1cc2csc(-c3cc4c(s3)c(C)c3ccsc3c4C)c2s1,-0.558313876966873,-0.651502185227457,0.5133089781905739,0.6120851930713878,0.8607170133450208,-0.0114777697617219,1.1662916742915606,0.3956549908201772,HOPV15
COC(=O)c1sc2c(-c3ccc(-c4cc5c(s4)c(-c4ccc(OC)cc4)c4ccsc4c5-c4ccc(OC)cc4)s3)sc(-c3cccs3)c2c1F,-0.6119927610734806,-0.5582602832954726,0.8114832156546573,0.7260942619214307,1.5764859958420698,0.3090450560310337,1.0585684476775554,1.1934039461715806,HOPV15
COC(=O)C(C#N)=Cc1cc(C)c(-c2ccc(-c3sc(-c4cc5c(s4)c(OC)c4cc(-c6cc(C)c(-c7ccc(-c8sc(C=C(C#N)C(=O)OC)cc8C)s7)s6)sc4c5OC)cc3C)s2)s1,-0.558313876966873,-0.620421551250129,0.5665543777377317,0.8857069583114913,0.3386266967001144,1.21719306244384,-0.1048423997536995,0.4579791279570055,HOPV15
Cc1csc(-c2ccc(-c3cc(C)cs3)c3nsnc32)c1,-0.7317379640805283,-0.483666761749885,1.2480954919413514,1.1137250960115777,-1.5813183387037342,-3.8577516792747857,-1.8284140255777808,-3.281469100252699,HOPV15
Cn1c(-c2ccc(C=C(C#N)C(=O)O)s2)ccc1-c1ccc2c(c1)C(C)(C)c1cc(N(c3ccccc3)c3ccccc3)ccc1-2,-0.5996053262796479,-0.4215054937952286,1.0138157339338574,-1.2120599085293031,1.0122916214032196,-0.5991029503817733,2.079784635978324,0.2086825794096919,HOPV15
Cn1c(-c2ccc(C=C(C#N)C(=O)O)s2)ccc1-c1ccc2c(c1)C(C)(C)c1cc(N(c3ccccc3)c3ccccc3)ccc1-2,1.522775168396992,1.3936035304807344,-1.350280005959949,-1.2120599085293031,1.0122916214032196,-0.5991029503817733,2.079784635978324,0.2086825794096919,HOPV15
COC(=O)C(C#N)=Cc1cc(C)c(-c2cc(C)c(-c3ccc(-c4sc(-c5sc(C=C(C#N)C(=O)OC)cc5C)cc4C)s3)s2)s1,-0.6450259205237007,-0.6142054244546632,0.800834135745226,0.840103330771474,-0.2045156488417636,0.8432497656856258,-0.3159799239171496,0.0217101679992067,HOPV15
C[Si]1(C)c2ccsc2-c2sc(-c3nc4sc(-c5cc6c(s5)-c5sc(-c7cc8sccc8s7)cc5[Si]6(C)C)nc4s3)cc21,-0.6656716451800881,-0.9063633838415478,0.3535727795491005,0.7602969825764437,-1.1729089781024769,-0.4388415374853954,-1.240245208265313,0.2086825794096919,HOPV15
COc1c2ccsc2c(OC)c2cc(-c3sc(-c4scc5c4C4C=CC5CC4(C)C)c4c3C3C=CC4C(C)(C)C3)sc21,-0.7069630944928634,-0.4712345081589537,1.205499172303625,1.5241577438717329,-1.5779500140802187,-1.50725095679458,-1.8122555415856805,-1.7856898089688171,HOPV15
CN1C(=O)C2=C(c3ccc(-c4cc5c(s4)-c4sccc4[Si]5(C)C)s3)N(C)C(=O)C2=C1c1cccs1,-0.558313876966873,-0.7633924675458383,0.3216255398208058,0.2586570796362538,-0.697133125030909,-0.9196257761745282,-0.2125656263677046,-0.1029381062744501,HOPV15
COc1c2ccsc2c(OC)c2c1=S=C(c1cc(C)c(-c3ccc(-c4sc(-c5nc(C)c(-c6ccc(-c7sccc7C)s6)s5)nc4C)s3)s1)C=2,-0.5913470364170931,-0.43393774738616,0.971219414296131,1.022517840931543,0.2965226389061706,0.5227269398928702,0.1127585180065906,0.4766763690980539,HOPV15
Cc1ccsc1-c1sc(-c2sc(-c3ccc4c(c3)C(C)(C)c3ccccc3-4)cc2C)c2nc3c4ccccc4c4ccccc4c3nc21,-0.5128932827228202,-0.8006892283186319,0.1405911813604692,-1.2120599085293031,-1.341325209278253,-1.2668588374500136,-1.337196112217918,-0.0406139691376217,HOPV15
C#Cc1cc2c(s1)c1sc(C#Cc3scc4nc(-c5ccccc5)c(-c5ccccc5)nc34)cc1n2C,1.522775168396992,1.3936035304807344,-1.350280005959949,-1.2120599085293031,-0.8487077330891077,0.0953631721691966,-0.5637433451293612,-0.7885036147795627,HOPV15
CC1(C)c2cc(-c3ccc(C=C(C#N)C(=O)O)s3)ccc2-c2ccc(N(c3ccccc3)c3c4ccccc4cc4ccccc43)cc21,1.522775168396992,1.3936035304807344,-1.350280005959949,-1.2120599085293031,-0.364511068458751,-0.8127848342436104,-0.1931754455771837,0.8942480879148045,HOPV15
CC1(C)c2cc(-c3ccc(-c4ccc(-c5ccc(-c6ccc(C=C(C#N)C#N)s6)s5)s4)s3)ccc2-c2ccc(N(c3ccccc3)c3ccccc3)cc21,1.522775168396992,1.3936035304807344,-1.350280005959949,-1.2120599085293031,-0.4571399956054279,1.0035111785820037,-0.5249629835483194,-0.2899105176849353,HOPV15
Cc1ccsc1-c1nc2sc(-c3sc(-c4cc(C)c(-c5nc6sc(-c7sccc7C)nc6s5)s4)cc3C)nc2s1,1.522775168396992,1.3936035304807344,-1.350280005959949,-1.2120599085293031,0.8186129555510769,0.6295678818237888,0.4553183786391268,0.7072756765043192,HOPV15
CC1(C)CC(C=Cc2ccc(N(c3ccccc3)c3ccccc3)cc2)=CC(=C(C#N)C(=O)O)C1,-0.6739299350426433,-0.5706925368864039,0.949921254477268,-1.2120599085293031,0.8480857960068375,-0.5723927148990436,1.1016577383231574,1.0188963621884612,HOPV15
COc1ccc(N(c2ccc(OC)cc2)c2ccc(-c3ccc(-c4ccc(C=C(C#N)C(=O)O)s4)s3)cc2)cc1,1.522775168396992,1.3936035304807344,-1.350280005959949,-1.2120599085293031,1.4712258513572096,0.0312586070106455,1.2093809649371623,1.143544636462118,HOPV15
Cc1ccc(-c2nc3c(-c4cccs4)ccc(-c4ccc(-c5ccc6c7ccccc7n(C)c6c5)s4)c3nc2-c2ccc(C)s2)s1,-0.6367676306611458,-0.6763666924093195,0.6730451768320471,-1.2120599085293031,-0.1076763159156923,0.8432497656856258,-0.4064674342729139,0.0217101679992067,HOPV15
Cn1c2ccc(C=C(C#N)C#N)cc2c2cc(C=C(C#N)C#N)ccc21,1.522775168396992,1.3936035304807344,-1.350280005959949,1.638166812721776,-1.5602663098067622,-3.0350764264067136,-1.64334552225492,-1.5363932604215036,HOPV15
COc1c2ccsc2c(OC)c2cc(-c3sc(-c4ccc(-c5cc(C)cs5)c5nsnc54)cc3C)sc21,-0.6408967755924232,-0.9125795106370131,0.2790292201830796,0.7488960756914393,1.5343819380481258,0.362465526996493,1.093039880194037,1.0251287759021437,HOPV15
COC(=O)c1sc2c(-c3ccc(-c4cc5c(s4)c(-c4ccc(C)s4)c4ccsc4c5-c4ccc(C)s4)s3)sc(-c3cccs3)c2c1F,-0.5211515725853755,-0.5458280297045414,0.5985016174660264,0.6804906343814134,0.7765088977571326,-0.6525234213472325,1.123202383645958,0.9378749839105844,HOPV15
Cc1csc(-c2cc3c4nsnc4c(-c4cc(C)c(-c5cc6c(s5)c(-c5cc(C)c(C)s5)c5ccsc5c6C5=S=C(C)C(C)=C5)s4)cc3c3nsnc32)c1,-0.6202510509360357,-0.6328538048410599,0.7049924165603418,0.5892833793013791,0.944925128932909,0.4158859979619522,0.6944639417222184,0.520303265093834,HOPV15
COC(=O)c1cc2csc(-c3cc4c(s3)c(OC)c3ccsc3c4OC)c2s1,-0.558313876966873,-0.5893409172728007,0.6197997772848896,0.6177856465138898,0.7765088977571326,-0.866205305209069,1.5325506447791777,0.6449515393674908,HOPV15
Cc1ccsc1,1.522775168396992,1.3936035304807344,-1.350280005959949,-1.2120599085293031,0.9870291867268528,0.6295678818237888,0.390684442670724,1.149777050175801,HOPV15
COc1c2cc(-c3cc4c(s3)-c3sc(-c5nc6sc(-c7cc8c(s7)-c7sccc7[Si]8(C)C)nc6s5)cc3[Si]4(C)C)sc2c(OC)c2ccsc21,-0.7069630944928634,-0.8442021158868914,0.5665543777377317,0.805900610116461,0.6501967243753006,-0.1717391826580997,0.670764831867137,0.8319239507779761,HOPV15
COCc1sc2c(csc2-c2cc3c(s2)c(OC)c2ccsc2c3OC)c1F,-0.6243801958673132,-0.7820408479322352,0.460063578643416,0.6120851930713878,1.673325328768141,0.2022041141001151,1.4463720634879735,0.8942480879148045,HOPV15
C#Cc1sc(C#Cc2scc3nc(-c4ccccc4)c(-c4ccccc4)nc23)c(C)c1C,-0.6285093407985906,-0.6887989460002507,0.6304488571943211,0.5949838327438811,-0.58345216898726,-0.2785801245890176,0.4768630239619277,-1.2247725747373617,HOPV15
CC1(C)c2ccccc2-c2ccc(-c3cc4c5cccc6c7cccc8c9cc(-c%10ccc%11c(c%10)C(C)(C)c%10ccccc%10-%11)cc%10c%11cccc%12c%13cccc%14c(c3)c4c3c(c65)c(c78)c(c9%10)c(c%12%11)c3c%13%14)cc21,1.522775168396992,1.3936035304807344,-1.350280005959949,-1.2120599085293031,-0.966599094912151,0.9500907076165443,-1.2510175309267138,0.520303265093834,HOPV15
COC(=O)C(C#N)=Cc1cc(C)c(-c2cc(C)c(-c3cc(C)c(-c4cc5cc6sc(-c7sc(-c8sc(-c9sc(C=C(C#N)C(=O)OC)cc9C)cc8C)cc7C)cc6cc5s4)s3)s2)s1,-0.5872178914858156,-0.8069053551140977,0.3216255398208058,0.874306051426487,0.7091424052868225,1.110352120512922,0.2764978224598783,0.4517467142433226,HOPV15
Cc1ccsc1-c1sc(-c2sc(C3=S=C(c4sccc4C)C=C3C)cc2C)c2nc3c4ccccc4c4ccccc4c3nc21,-0.5211515725853755,-0.9623085250007384,-0.1149867364658882,-1.2120599085293031,-1.5223726577922123,-1.8544840180700648,-1.6905282955118544,0.4579791279570055,HOPV15
COC(=O)C(C#N)=Cc1cc(C)c(-c2cc(C)c(-c3cc(C)c(-c4ccc(-c5sc(-c6sc(-c7sc(C=C(C#N)C(=O)OC)cc7C)cc6C)cc5C)s4)s3)s2)s1,-0.5954761813483704,-0.651502185227457,0.6091506973754579,0.771697889461448,0.5575677972286238,0.7364088237547073,0.4854808820910483,0.1463584422728635,HOPV15
Cc1csc(-c2ccc(-c3cc(C)c(-c4cc5c(s4)c(-c4cc(C)c(C)s4)c4ccsc4c5-c4cc(C)c(C)s4)s3)c3nsnc32)c1,-0.649155065454978,-0.5333957761136101,0.949921254477268,0.7602969825764437,-0.6929227192515147,1.4842954172711365,-0.578824596855322,-1.125053955318436,HOPV15
N#CC(=Cc1ccc(-c2ccc(-c3ccc(C=C(C#N)c4ccc([N+](=O)[O-])cc4)s3)c3c2C(=O)N(c2ccc(C(=O)O)cc2)C3=O)s1)c1ccc([N+](=O)[O-])cc1,-0.5830887465545378,-0.6577183120229224,0.5665543777377317,0.7602969825764437,0.8607170133450208,-0.2251596536235584,1.123202383645958,0.5826274022306625,HOPV15
Cc1nc(-c2nc(C)c(-c3ccc(-c4ccc5c(c4)C(C)(C)c4ccccc4-5)s3)s2)sc1-c1cccs1,-0.760641978599471,-0.3282635918632443,1.588866049043161,1.3075405130566509,-1.362377238175225,0.2022041141001151,-1.4621550550901636,-0.7885036147795627,HOPV15
Cc1cc(C)c(-c2c3cc(-c4ccc(-c5ccc(-c6cccs6)c6nsnc65)s4)sc3c(-c3sc(C)cc3C)c3ccsc32)s1,-0.6698007901113655,-0.7447440871594413,0.6410979371037526,0.7830987963464524,0.8017713324334993,1.0569316495474628,0.4768630239619277,0.3021687851149345,HOPV15
CN1C(=O)C2=C(c3ccc(-c4cc5c(s4)-c4sccc4C5(C)C)s3)N(C)C(=O)C2=C1c1cccs1,-0.5211515725853755,-0.6639344388183882,0.3961690991868266,0.2814588934062624,-0.612925009443021,-1.3469895438982025,0.498407669284729,-0.4768829290954205,HOPV15
CN1C(=O)C2=C(c3ccc(-c4ccc5c(c4)C(C)(C)c4ccccc4-5)s3)N(C)C(=O)C2=C1c1cccs1,-0.7152213843554183,-0.8690666230687539,0.5452562179188686,0.7830987963464524,-1.2023818185582378,0.0953631721691966,-1.2897978925077556,-0.3522346548217637,HOPV15
Cn1c(-c2ccc(C=C(C#N)C(=O)O)s2)ccc1-c1ccc2c(c1)c1cc(N(c3ccccc3)c3ccccc3)ccc1n2C,-0.5830887465545378,-0.483666761749885,0.8647286152018153,-1.2120599085293031,0.4396764354055803,-0.759364363278151,0.9573086146603904,0.7072756765043192,HOPV15
N#CC(=Cc1ccc(C(C#N)=Cc2ccc(-c3ccc(N(c4ccccc4)c4ccccc4)cc3)s2)s1)C(=O)O,1.522775168396992,1.3936035304807344,-1.350280005959949,-1.2120599085293031,0.1660000597449442,-0.866205305209069,0.6341389348183752,0.7695998136411476,HOPV15
COc1cccc(-c2nc3c(-c4cccs4)ccc(-c4ccc(-c5cc6c(s5)c(OC)c5ccsc5c6OC)s4)c3nc2-c2cccc(OC)c2)c1,-0.5913470364170931,-0.7074473263866475,0.5026598982811422,0.771697889461448,-0.2929341702090461,-0.0648982407271811,-0.3202888529817097,0.5514653336622481,HOPV15
Cc1c(C)c(-c2ccc(C3=S=C(c4ccc(C=C(C#N)C#N)s4)C(C)=C3C)s2)sc1-c1ccc(C=C(C#N)C#N)s1,1.522775168396992,1.3936035304807344,-1.350280005959949,-1.2120599085293031,-0.1497803737096364,1.4842954172711365,0.4553183786391268,-0.2275863805481069,HOPV15
Cc1ccc(-c2ccc(-c3cc(F)c(-c4cc5c(s4)-c4sc(-c6c7nsnc7c(-c7ccc(-c8ccc(C)s8)s7)cc6F)cc4[Si]5(C)C)c4nsnc43)s2)s1,-0.5913470364170931,-0.682582819204785,0.5452562179188686,0.555080658646366,1.3659657068723496,0.4639644218308655,0.9293005757407494,0.9565722250516328,HOPV15
Cc1c(-c2cccs2)sc2c(C)c(-c3ccc(-c4scc5c4C(=O)N(C)C5=O)s3)sc12,-0.7647711235307484,-0.4712345081589537,1.354586291035667,0.8857069583114913,0.5659886087874124,0.682988352789248,0.1084495889420305,0.8942480879148045,HOPV15
Cc1ccc(-c2csc(-c3cc(-c4ccc(C)s4)c(-c4ccc(C5=C6C(=O)N(C)C(c7cccs7)=C6C(=O)N5C)s4)s3)c2)s1,-0.6119927610734806,-0.8566343694778227,0.3003273800019427,0.2586570796362538,-0.570820951649077,-0.3854210665199362,-0.1048423997536995,-0.4145587919585922,HOPV15
COc1ccc(-c2nc3c(nc2-c2ccc(OC)cc2)c(-c2ccc(-c4ccc5c(c4)C(C)(C)c4ccccc4-5)s2)sc3-c2cccs2)cc1,-0.5417972972417628,-0.7198795799775788,0.3535727795491005,-1.2120599085293031,-0.655029067236965,-0.7059438923126918,0.0847504790869495,-0.6638553405059058,HOPV15
N#CC(=Cc1ccc(-c2ccc(-c3ccc(N(c4ccccc4)c4ccccc4)cc3)c3nsnc32)s1)C(=O)O,1.522775168396992,1.3936035304807344,-1.350280005959949,-1.2120599085293031,0.0060046401279566,-0.940993964560712,0.4208469461226451,0.8319239507779761,HOPV15
CC1(C)CC(C=Cc2ccc(N(c3ccc(-n4c5ccccc5c5ccccc54)cc3)c3ccc(-n4c5ccccc5c5ccccc54)cc3)cc2)=CC(=C(C#N)C(=O)O)C1,-0.8349665873624661,-0.8069053551140977,0.9605703343866993,-1.2120599085293031,0.9533459404916976,-0.4815779142577628,1.1447470289687596,1.0188963621884612,HOPV15
c1csc(-c2ccsc2-c2cccs2)c1,-0.6532842103862555,-0.266102323908588,1.4184807704922564,-1.2120599085293031,-1.3371148034988587,-0.0435300523409974,-1.3781309383312397,-0.7885036147795627,HOPV15
Cc1csc(-c2nnc(-c3cc(C)c(-c4cc5c(s4)-c4sccc4[Si]5(C)C)s3)nn2)c1,-0.6615425002488107,-0.8877150034551508,0.3748709393679637,0.669089727496409,0.1870520886419161,0.362465526996493,0.3475951520251217,-0.0094519005692075,HOPV15
Cn1c2ccccc2c2ccccc21,1.522775168396992,1.3936035304807344,-1.350280005959949,-1.2120599085293031,-1.3286939919400698,-0.0648982407271811,-1.7723979477384983,-0.975476026190048,HOPV15
COc1ccc(-c2nc3c(-c4cccs4)ccc(-c4ccc(-c5cc6c7c8c(cccc8CCc7c5)n6C)s4)c3nc2-c2ccc(OC)cc2)cc1,-0.6037344712109257,1.3936035304807344,-1.350280005959949,0.7260942619214307,0.97439796938867,0.4693064689274115,0.6276755412215351,0.8194591233506102,HOPV15
COC(=O)c1cc2c(-c3cccs3)sc(-c3ccc(-c4cc5c(s4)c(-c4cc(F)c(C)s4)c4ccsc4c5-c4cc(F)c(C)s4)s3)c2s1,-0.6037344712109257,-0.6390699316365257,0.6517470170131839,0.6576888206114048,1.4501738224602378,0.0953631721691966,1.2740149009055657,0.9378749839105844,HOPV15
COC(=O)N1C(=O)C2=C(c3ccc(-c4ccc(C5=S=C(C)C=C5)s4)s3)N(C(=O)OC)C(=O)C2=C1c1ccc(-c2ccc(-c3ccc(C)s3)s2)s1,1.522775168396992,1.3936035304807344,-1.350280005959949,-1.2120599085293031,-0.612925009443021,-0.2785801245890176,-0.0143548893979352,-0.4768829290954205,HOPV15
C#Cc1cc2c(s1)c1sc(C#Cc3cccc4nsnc43)cc1n2C,1.522775168396992,1.3936035304807344,-1.350280005959949,-1.2120599085293031,-0.9918615295885176,-0.0114777697617219,-0.7576451530345704,-0.850827751916391,HOPV15
Cn1c2ccccc2c2ccc(-c3ccc(-c4cnc(-c5cccs5)c5nccnc45)s3)cc21,-0.7565128336681932,-0.8877150034551508,0.6197997772848896,0.9427114927365128,-1.1181737029703496,0.9500907076165443,-1.2682532471849546,-0.539207066232249,HOPV15
CC1(C)c2cc(-c3ccc(C=C(C#N)C(=O)O)s3)ccc2-c2c1c1c(c3c2C(C)(C)c2cc(N(c4ccccc4)c4ccccc4)ccc2-3)C(C)(C)c2cc(N(c3ccccc3)c3ccccc3)ccc2-1,1.522775168396992,1.3936035304807344,-1.350280005959949,-1.2120599085293031,0.2165249290976767,0.0472847483002832,-0.1285415096087807,1.3305170478726034,HOPV15
Cc1ccc(-c2c3ccsc3c(-c3ccc(C)s3)c3cc(-c4scc5cc(S(C)(=O)=O)sc54)sc32)s1,-0.6615425002488107,1.3936035304807344,-1.350280005959949,0.623486099956392,0.915452288477148,0.3090450560310337,0.8151139555299037,0.5813809194879256,HOPV15
Cc1cc(-c2ccc(N(c3ccccc3)c3ccccc3)cc2)sc1-c1nc2sc(-c3sc(-c4ccc(N(c5ccccc5)c5ccccc5)cc4)cc3C)nc2s1,-0.6883819423021147,-0.4650183813634883,1.168227392620615,1.387346861251681,-0.0108369829896209,1.0035111785820037,0.1946281702332347,-0.5579043073732973,HOPV15
CC1(C)Oc2cc(-c3c4nsnc4cc(F)c3F)sc2-c2sccc21,-0.649155065454978,-0.8504182426823569,0.4068181790962581,0.3612652416012925,2.713295556278559,4.208739436509557,0.2829612160567189,1.0313611896158272,HOPV15
COc1c(OC)c(-c2ccc(-c3ccc4c(c3)[Si](C)(C)c3ccccc3-4)s2)c2nsnc2c1-c1cccs1,-0.7234796742179734,-0.7882569747277006,0.7049924165603418,1.0453196547015515,0.965977157829881,1.0035111785820037,0.649220186544336,0.3333308536833487,HOPV15
CN1C(=O)C2=C(c3ccc(-c4cccs4)o3)N(C)C(=O)C2=C1c1ccco1,-0.7069630944928634,-0.9685246517962038,0.3535727795491005,0.3954679622563055,0.5238845509934685,0.0953631721691966,0.5845862505759328,0.4579791279570055,HOPV15
CC1(C)c2ccccc2-c2ccc(N(c3ccc(C=C(C#N)c4ccc(C=C(C#N)C(=O)O)s4)cc3)c3ccc4c(c3)C(C)(C)c3ccccc3-4)cc21,1.522775168396992,1.3936035304807344,-1.350280005959949,-1.2120599085293031,0.4438868411849746,-0.5991029503817733,0.8603577107077861,0.7072756765043192,HOPV15
Cc1ccc(C2(c3ccc(C)cc3)c3ccsc3-c3cc4c(cc32)-c2sc(-c3cccc5nsnc53)cc2C4(c2ccc(C)cc2)c2ccc(C)cc2)cc1,-0.6904465147677533,-0.7944731015231664,0.6091506973754579,-1.2120599085293031,1.1175517658880798,0.682988352789248,0.5845862505759328,0.9067129153421704,HOPV15
C[Si]1(C)c2cc(-c3cnc(-c4cc5ccccc5s4)c4nsnc43)sc2-c2sc(-c3cnc(-c4cc5ccccc5s4)c4nsnc43)cc21,-0.6450259205237007,-0.8131214819095631,0.460063578643416,0.6576888206114048,-1.5813183387037342,-3.8577516792747857,-1.8284140255777808,-3.281469100252699,HOPV15
Cc1csc(-c2ccc(C3=C4C(=O)N(C)C(c5ccc(-c6cc(C)cs6)s5)=C4C(=O)N3C)s2)c1,-0.5830887465545378,-0.7198795799775788,0.460063578643416,0.3840670553713011,0.1028439730540279,-0.5991029503817733,0.6061308958987341,0.3333308536833487,HOPV15
COc1c2ccsc2c(OC)c2cc(-c3ccc(-c4c5nonc5c(-c5cccs5)c(OC)c4OC)s3)sc21,-0.6532842103862555,-0.5706925368864039,0.8966758549301098,0.771697889461448,0.8186129555510769,0.7364088237547073,0.4122290879935249,0.732205331359051,HOPV15
N#CC(C#N)=Cc1ccc(-c2ccc(N(c3ccc(-c4ccc(C=Cc5cccs5)s4)cc3)c3ccc(-c4ccc(C=C(C#N)C#N)s4)cc3)cc2)s1,1.522775168396992,1.3936035304807344,-1.350280005959949,-1.2120599085293031,-1.0887008625145889,0.896670236651085,-1.0420344712955436,-1.0378001633268763,HOPV15
CC1(C)c2ccsc2-c2sc(-c3cccc4nsnc43)cc21,-0.6037344712109257,-0.8193376087050289,0.3748709393679637,0.3441638812737861,-0.1497803737096364,-0.545682479416314,0.541496959930331,-0.1652622434112785,HOPV15
COc1ccc(-c2nc3c(-c4cccs4)ccc(-c4ccc(-c5ccc6c(c5)C(C)(C)c5ccccc5-6)s4)c3nc2-c2ccc(OC)cc2)cc1,1.522775168396992,1.3936035304807344,-1.350280005959949,-1.2120599085293031,-0.4445087782672446,0.9500907076165443,-0.9084576702941776,1.0812204993252896,HOPV15
COc1c2ccsc2c(OC)c2cc(-c3ccc(-c4sc(-c5cccs5)c5c4C(=O)N(C)C5=O)s3)sc21,-0.7441253988743609,-0.9063633838415478,0.5559052978283001,0.8857069583114913,-1.1813297896612658,0.2022041141001151,-1.2036193112165514,-0.6015312033690774,HOPV15
CC1(C)c2ccsc2-c2cc3c(cc21)-c1sc(-c2ccc(-c4nnc(-c5cccs5)nn4)s2)cc1C3(C)C,-0.632638485729868,-0.4525861277725569,1.045762973662152,0.8629051445414826,-0.3013549817678349,0.9500907076165443,0.078287085490109,-0.9069194753395364,HOPV15
C[Si]1(C)c2ccsc2-c2sc(-c3cccc4nsnc43)cc21,-0.6780590799739208,-0.8442021158868914,0.460063578643416,0.3498643347162884,0.9028210711389651,-0.8127848342436104,1.898809615266795,0.520303265093834,HOPV15
Cc1csc(-c2ccc(-c3cc(C)c(-c4cc5c(s4)c(-c4ccc(C)s4)c4ccsc4c5-c4ccc(C)s4)s3)c3nsnc32)c1,-0.5996053262796479,-0.6079892976591976,0.6943433366509103,0.6462879137264005,-0.5960833863254433,0.5227269398928702,-0.5831335259198821,-0.1964243119796927,HOPV15
Cc1csc(-c2cccc3nsnc32)c1C,1.522775168396992,1.3936035304807344,-1.350280005959949,-1.2120599085293031,-1.5813183387037342,-3.8577516792747857,-1.8284140255777808,-3.281469100252699,HOPV15
Cc1ccc(C2(c3ccc(C)cc3)c3ccsc3-c3cc4c(cc32)-c2sc(-c3ccc(-c5cccs5)s3)cc2C4(c2ccc(C)cc2)c2ccc(C)cc2)cc1,-0.6161219060047579,-0.5147473957272131,0.8966758549301098,1.1935314442066076,-0.4402983724878503,0.362465526996493,-0.3202888529817097,-0.2275863805481069,HOPV15
COc1c2ccsc2c(OC)c2c1=S=C(c1sc(-c3sc(-c4nc(C)c(-c5cc(C)cs5)s4)nc3C)cc1C)C=2,-0.7399962539430835,-0.4215054937952286,1.3758844508545305,0.9997160271615344,-0.5118752707375552,0.5227269398928702,-0.3978495761437934,-0.377164309676495,HOPV15
CN1c2ccccc2Sc2cc(C=Cc3ccsc3-c3cccs3)ccc21,-0.5376681523104855,-0.4650183813634883,0.7795359759263628,-1.2120599085293031,-1.1602777607642936,0.0419427012037373,-0.9601648190688998,-1.162448437600533,HOPV15
CN1C(=O)C2=C(c3ccc(C=Cc4ccc(C(F)(F)F)cc4)s3)N(C)C(=O)C2=C1c1ccc(C=Cc2ccc(C(F)(F)F)cc2)s1,-0.5954761813483704,-0.7571763407503725,0.4281163389151213,0.669089727496409,-0.1497803737096364,0.7364088237547073,-0.6951656815984475,-0.6015312033690774,HOPV15
Cc1ccsc1C1=NC2SC(c3sc(-c4cc5c(s4)-c4sccc4[Si]5(C)C)cc3C)=NC2S1,-0.6181864784703966,-0.5706925368864039,0.8061586756999416,0.840103330771474,0.7722984919777384,0.2556245850655744,0.7353987678355401,0.520303265093834,HOPV15
C(=Cc1ccc(C=Cc2ccc(N(c3ccccc3)c3ccccc3)cc2)c2nsnc21)c1ccc(N(c2ccccc2)c2ccccc2)cc1,1.522775168396992,1.3936035304807344,-1.350280005959949,-1.2120599085293031,-1.43395413642493,0.6295678818237888,-1.559105959042768,-1.162448437600533,HOPV15
COc1c2cc(-c3cc(C=Cc4sc(-c5ccc(-c6cc(C)cs6)c6nsnc65)cc4C)cs3)sc2c(OC)c2ccsc21,-0.7730294133933032,-0.8628504962732882,0.7049924165603418,-1.2120599085293031,0.237576957994649,0.6295678818237888,0.4531639141068467,-0.2275863805481069,HOPV15
N#CC(=Cc1sc(-c2ccc(N(c3ccccc3)c3ccccc3)cc2)c2c1OCCO2)C(=O)O,1.522775168396992,1.3936035304807344,-1.350280005959949,-1.2120599085293031,1.4922778802541816,-0.1717391826580997,1.5110059994563767,0.9752694661926812,HOPV15
CC1(C)c2ccsc2-c2sc(-c3ccc(-c4nc5sc(-c6cccs6)nc5s4)s3)cc21,-0.5665721668294278,-0.7571763407503725,0.3535727795491005,0.8287024238864696,-0.6423978498987818,-0.1610550884650078,-0.2901263495297883,-0.4768829290954205,HOPV15
Cc1cc2c3cc(C)sc3c3nc4c(-c5ccc(-c6ccc7c8ccccc8n(C)c7c6)s5)ccc(-c5cccs5)c4nc3c2s1,-0.6119927610734806,-0.7882569747277006,0.4174672590056897,-1.2120599085293031,-0.3181966048854125,0.1487836431346559,-0.4495567249185157,0.0840343051360351,HOPV15
C=Cc1cc(OC)c(C=Cc2cc(C=C(C#N)c3ccc([N+](=O)[O-])cc3)ccc2C=C(C#N)c2ccc([N+](=O)[O-])cc2)cc1OC,-0.6656716451800881,-0.8442021158868914,0.460063578643416,0.6576888206114048,-0.1708324026066083,1.0569316495474628,-0.3202888529817097,0.0217101679992067,HOPV15
Cc1ccc(-c2nc3cccc(-c4ccc(-c5ccc6c(c5)C(C)(C)c5cc(-c7cccs7)ccc5-6)s4)c3nc2-c2ccc(C)s2)s1,-0.649155065454978,-0.7198795799775788,0.6304488571943211,-1.2120599085293031,0.2712602042298043,0.9500907076165443,-0.2341102716905055,0.3956549908201772,HOPV15
COc1ccc(C#Cc2ccc(-c3ccc(-c4ccc(C#Cc5ccc(OC)c(OC)c5)s4)c4nsnc43)s2)cc1OC,-0.6945756596990308,-0.7509602139549071,0.6943433366509103,0.9541123996215172,-1.3034315572637034,0.8432497656856258,-1.3544318284761585,-1.162448437600533,HOPV15
N#CC(=Cc1ccc(C(C#N)=Cc2ccc(N(c3ccccc3)c3ccccc3)cc2)s1)C(=O)O,1.522775168396992,1.3936035304807344,-1.350280005959949,-1.2120599085293031,0.2207353348770714,-0.7059438923126918,0.6276755412215351,0.7072756765043192,HOPV15
CC1(C)c2cc(C=C(C#N)C#N)sc2-c2sc(C=C(C#N)C#N)cc21,1.522775168396992,1.3936035304807344,-1.350280005959949,0.9541123996215172,-1.5811078184147644,-0.5296563381266762,-1.8206579532615723,-1.7856898089688171,HOPV15
COc1c2ccsc2c(OC)c2cc(-c3cc(C)c(-c4nc5sc(-c6sccc6C)nc5s4)s3)sc21,-0.6656716451800881,-0.3469119722496411,1.3119899713979408,1.056720561586556,-0.4360879667084558,0.2022041141001151,-0.4667924411767565,0.252309475405472,HOPV15
COc1c2ccsc2c(OC)c2cc(-c3scc4c3C(=O)N(C)C4=O)sc21,-0.728297009972507,-0.8348779256936929,0.6375482438041584,0.874306051426487,0.7344048399631887,0.682988352789248,0.2851156805889989,0.8319239507779761,HOPV15
CN1C(=O)C2=C(c3ccc(-c4cccs4)s3)N(C)C(=O)C2=C1c1cccs1,-0.6119927610734806,-0.8504182426823569,0.3109764599113743,0.2700579865212581,0.3975723776116364,-0.3854210665199362,0.7138541225127393,0.4579791279570055,HOPV15
COc1ccc(C#Cc2ccc(C#Cc3ccc(-c4ccc(-c5ccc(C#Cc6ccc(C#Cc7ccc(OC)c(OC)c7)cc6)s5)c5nsnc54)s3)cc2)cc1OC,-0.7358671090118057,-0.8193376087050289,0.6836942567414787,0.9541123996215172,-1.5223726577922123,0.0953631721691966,-1.679755972850454,-1.598717397558332,HOPV15
Cc1ccc(C2(c3ccc(C)cc3)c3ccsc3-c3cc4c(cc32)-c2sc(-c3cccs3)cc2C4(c2ccc(C)cc2)c2ccc(C)cc2)cc1,-0.5830887465545378,-0.483666761749885,0.8647286152018153,1.159328723551595,-0.2003052430623693,0.4158859979619522,-0.1910209810449037,0.0840343051360351,HOPV15
CC(=O)c1cc2c(csc2-c2cc3c(s2)c2sccc2c(C)c3C)s1,-0.6863173698364756,-0.9685246517962038,0.3003273800019427,0.555080658646366,0.612303072360751,0.5227269398928702,0.7052362643836186,0.090266718849718,HOPV15
CC1(C)c2ccccc2-c2ccc(N(c3ccc(-c4ccc(-c5ccc(C=C(C#N)C(=O)O)s5)s4)cc3)c3ccc4c(c3)C(C)(C)c3ccccc3-4)cc21,1.522775168396992,1.3936035304807344,-1.350280005959949,-1.2120599085293031,1.7912166905911842,0.1648097844242936,1.1878363196143615,1.5174894592830883,HOPV15
N#CC(=Cc1cc(C#N)c(C=Cc2ccc(N(c3ccccc3)c3ccccc3)cc2)cc1C#N)C(=O)O,1.522775168396992,1.3936035304807344,-1.350280005959949,-1.2120599085293031,-1.3960604844103803,-1.2935690729327431,-1.5483336363813678,1.0812204993252896,HOPV15
CC1(C)c2cc(-c3ccc(-c4ccc(-c5ccc(C=C(C#N)C#N)s5)s4)s3)ccc2-c2ccc(N(c3ccccc3)c3ccccc3)cc21,1.522775168396992,1.3936035304807344,-1.350280005959949,-1.2120599085293031,-0.6887123134721201,0.896670236651085,-0.4818736929027173,-0.9131518890532194,HOPV15
Cc1ccc(-c2c3cc(-c4ccc(C5=C6C(=O)N(C)C(c7cccs7)=C6C(=O)N5C)s4)sc3c(-c3ccc(C)cc3)c3ccsc32)cc1,-0.6863173698364756,1.3936035304807344,-1.350280005959949,0.4524724966813271,1.0291332445207972,0.2022041141001151,1.1016577383231574,0.4579791279570055,HOPV15
Cc1ccc(-n2c(-c3ccsc3)nc3c2c2ccc(C)cc2c2cc(C)ccc32)cc1,-0.4179229493034377,-0.4090732402042974,0.5665543777377317,0.8971078651964957,0.1449480308479718,-0.5991029503817733,0.6061308958987341,0.4579791279570055,HOPV15
COC(=O)c1sc2c(csc2-c2cc3c(s2)c(OC)c2ccsc2c3OC)c1F,-0.6037344712109257,-0.6639344388183882,0.6091506973754579,0.6462879137264005,1.5343819380481258,0.0953631721691966,1.2955595462283664,1.0188963621884612,HOPV15
Cn1c2ccccc2c2ccc(-c3ccc(-c4sc(-c5cccs5)c5nc(-c6ccccc6)c(-c6ccccc6)nc54)s3)cc21,-0.6367676306611458,-0.8131214819095631,0.4387654188245528,0.4524724966813271,-1.2023818185582378,-0.545682479416314,-0.979554999859421,-0.975476026190048,HOPV15
Cc1ccc(-c2c3cc(-c4cc5sc(C6=C7C(=O)N(C)C(c8cc9sccc9s8)=C7C(=O)N6C)cc5s4)sc3c(-c3ccc(C)s3)c3ccsc32)s1,-0.5624430218981503,-0.8566343694778227,0.1725384210887638,0.4182697760263141,1.0207124329620083,-0.4922620084508547,1.6725908393773845,0.4579791279570055,HOPV15
Cc1cc2c3cc(C)sc3c3nc4c(cccc4-c4ccc(-c5ccc6c(c5)C(C)(C)c5cc(-c7cccs7)ccc5-6)s4)nc3c2s1,-0.6285093407985906,-0.8006892283186319,0.4387654188245528,-1.2120599085293031,-0.697133125030909,0.682988352789248,-0.8158156954061331,-0.1029381062744501,HOPV15
Cc1csc(-c2ccc(-c3cc(C)c(-c4cc5c(s4)c(C)c4ccsc4c5C)s3)c3nsnc32)c1,-0.7069630944928634,-0.5520441565000068,1.067061133481015,-1.2120599085293031,0.5238845509934685,0.7898292947201665,0.3325139002991609,0.2897039576875687,HOPV15
Cc1cc(C=C2C(=O)N(C)C(=O)N(C)C2=O)sc1-c1cc(C)c(-c2cc(C)c(-c3ccc(-c4sc(-c5sc(C6=S=C(C=C7C(=O)N(C)C(=O)N(C)C7=O)C=C6C)cc5C)cc4C)s3)s2)s1,-0.5913470364170931,-0.7820408479322352,0.3748709393679637,0.6918915412664177,0.1238960019509999,0.9500907076165443,-0.2039477682385842,0.4579791279570055,HOPV15
Cc1nc2c(nc1C)c(-c1ccc(-c3ccc4c5ccccc5n(C)c4c3)s1)sc2-c1cccs1,-0.6408967755924232,-0.7509602139549071,0.5559052978283001,0.5151774845488508,-1.1602777607642936,-0.866205305209069,-0.8782951668422561,-0.7261794776427343,HOPV15
COc1c2cc(-c3cc(C)c(-c4ccc(-c5sc(C=C6SC(=S)N(C)C6=O)cc5C)s4)s3)sc2c(OC)c2cc(-c3cc(C)c(-c4ccc(-c5sc(C=C6SC(=S)N(C)C6=O)cc5C)s4)s3)sc21,-0.5500555871043178,-0.6390699316365257,0.5133089781905739,0.771697889461448,1.3322824606371944,1.110352120512922,0.6276755412215351,0.788297054782196,HOPV15
CN1C(=O)C2=C(c3cc4sccc4s3)N(C)C(=O)C2=C1c1cc2sccc2s1,-0.558313876966873,-0.9436601446143412,0.0128022224472905,-1.2120599085293031,-0.3181966048854125,-0.8127848342436104,0.0890594081515096,0.3956549908201772,HOPV15
COc1ccc(-c2nc3c(-c4scc5c4OCCO5)ccc(-c4sc(-c5ccc6c(c5)C(C)(C)c5ccccc5-6)c5c4OCCO5)c3nc2-c2ccc(OC)cc2)cc1,-0.7895459931184133,-0.7198795799775788,0.9925175741149942,0.9541123996215172,-1.1181737029703496,-0.3320005955544769,-1.0312621486341431,-0.539207066232249,HOPV15
COc1c(OC)c(-c2ccc(-c3ccc4c5ccccc5n(C)c4c3)s2)c2nsnc2c1-c1cccs1,-0.6667039314129076,-0.6717045973127201,0.7582378161074996,1.0424694279803006,0.6923007821692448,0.4693064689274115,0.2398719254111166,1.0188963621884612,HOPV15
COc1ccc(N(c2ccc(OC)cc2)c2cccc(-n3c4ccccc4c4ccc(-c5ccc(-c6c7nsnc7c(-c7cccs7)c7nc(-c8ccccc8)c(-c8ccccc8)nc76)s5)cc43)c2)cc1,1.522775168396992,1.3936035304807344,-1.350280005959949,0.0420398488211718,-1.3286939919400698,-1.6675123696909575,-0.7167103269212484,-1.4740691232846752,HOPV15
COc1ccc(C#Cc2c3ccccc3c(C#Cc3ccc(OC)c(OC)c3)c3ccccc23)cc1OC,1.522775168396992,1.3936035304807344,-1.350280005959949,-1.2120599085293031,-1.0465968047206446,0.896670236651085,-1.1605300205709494,-0.4768829290954205,HOPV15
Cc1cc(C=C(C#N)C(=O)O)sc1-c1cc(C)c(-c2cc(C)c(-c3ccc(N(c4ccc5c(c4)C(C)(C)c4ccccc4-5)c4ccc5c(c4)C(C)(C)c4ccccc4-5)cc3)s2)s1,1.522775168396992,1.3936035304807344,-1.350280005959949,-1.2120599085293031,1.5428027496069143,-0.4334994903888495,1.646737264990023,1.2058687735989464,HOPV15
Cc1ccsc1-c1sc(-c2sc(C3=S=C(c4sccc4C)C(C)=C3)cc2C)c2nc3c(nc21)-c1cccc2cccc-3c12,-0.4777955508069614,-0.7602844041481053,0.119293021541606,-1.2120599085293031,-1.4381645422043243,-0.9997564826227172,-1.3953666545894805,-1.3494208490110184,HOPV15
Cc1ccc(-c2c3cc(-c4ccc(-c5sc(-c6cccs6)c6c5C(=O)c5c(C)sc(C)c5C6=O)s4)sc3c(-c3ccc(C)s3)c3ccsc32)s1,-0.6367676306611458,-0.5831247904773351,0.8327813754735204,-1.2120599085293031,1.227022316152334,0.7364088237547073,0.4725540948973676,1.22269629062589,HOPV15
Cn1c(-c2ccc(C=C(C#N)C(=O)O)cc2)ccc1-c1ccc(N(c2ccccc2)c2ccccc2)cc1,-0.574830456691983,-0.2909668310904506,1.1735519325753303,-1.2120599085293031,0.427045218067397,-0.6525234213472325,1.0736496994035165,0.3956549908201772,HOPV15
N#CC(C#N)=Cc1ccc(-c2ccc(N(c3ccc(-c4ccc(C=Cc5cccs5)s4)cc3)c3ccc(-c4ccc(C=Cc5cccs5)s4)cc3)cc2)s1,1.522775168396992,1.3936035304807344,-1.350280005959949,-1.2120599085293031,-1.3750084555134083,-0.0114777697617219,-1.4039845127186008,-1.162448437600533,HOPV15
COC(=O)c1cc2c(csc2-c2sc3c(c2F)c(OC)c2scc(F)c2c3OC)s1,-0.7110922394241408,-0.8442021158868914,0.5772034576471633,0.7830987963464524,-0.2339884892975244,-0.2251596536235584,0.541496959930331,-0.5766015485143461,HOPV15
COc1c2sc(-c3ccc(C4=C5C(=O)N(C)C(c6cccs6)=C5C(=O)N4C)s3)cc2cc2c1cc1cc(-c3ccc(C4=C5C(=O)N(C)C(c6cccs6)=C5C(=O)N4C)s3)sc1c2OC,-0.7069630944928634,-0.8939311302506165,0.4813617384622791,0.7488960756914393,0.1281064077303942,0.6295678818237888,0.5996675023018936,-0.6638553405059058,HOPV15
Cn1c(-c2ccc(C=C(C#N)C(=O)O)s2)ccc1-c1ccc(-c2ccc3c(c2)C(C)(C)c2cc(N(c4ccccc4)c4ccccc4)ccc2-3)s1,-0.6078636161422031,-0.4650183813634883,0.9605703343866993,-1.2120599085293031,0.6291446954783286,-0.6525234213472325,1.0887309511294765,0.7072756765043192,HOPV15
COc1c2cc(-c3cccs3)sc2c(OC)c2ccsc21,-0.5624430218981503,-0.2785345774995192,1.1629028526658989,1.1365269097815862,-0.9118638197800236,0.1487836431346559,-1.0140264323759025,0.2086825794096919,HOPV15
C(=Cc1ccc(N(c2ccccc2)c2ccccc2)cc1)c1ccc(-c2ccc(-c3ccc(C=Cc4ccc(N(c5ccccc5)c5ccccc5)cc4)s3)c3nsnc32)s1,1.522775168396992,1.3936035304807344,-1.350280005959949,-1.2120599085293031,-1.4718477884394796,0.2022041141001151,-1.640975611269412,-1.2247725747373617,HOPV15
CC1(C)c2cc(C=C(C#N)C(=O)O)sc2-c2sc(-c3ccc(N(c4ccc(N5c6ccccc6Sc6ccccc65)cc4)c4ccc(N5c6ccccc6Sc6ccccc65)cc4)cc3)cc21,1.522775168396992,1.3936035304807344,-1.350280005959949,-1.2120599085293031,1.660694111429958,1.21719306244384,0.4423915914454461,1.5174894592830883,HOPV15
Cc1csc(-c2nnc(-c3cc(C)c(-c4cc5c(s4)-c4sccc4C5(C)C)s3)nn2)c1,-0.7513514025040966,-0.9700786834950704,0.4653881185981319,0.6918915412664177,0.7470360573013721,0.1487836431346559,0.8646666397723461,0.3956549908201772,HOPV15
COc1c(OC)c(-c2ccc(-c3ccc4c(c3)C(C)(C)c3ccccc3-4)s2)c2nsnc2c1-c1cccs1,1.522775168396992,1.3936035304807344,-1.350280005959949,1.1137250960115777,-0.2760925470914684,1.3240340043747585,-0.3849227889501127,-0.3522346548217637,HOPV15
COC(=O)c1cc2csc(-c3ccc(-c4ccc(-c5sccc5C)s4)s3)c2s1,1.522775168396992,1.3936035304807344,-1.350280005959949,0.2358552658662451,-1.0339655873824614,-1.1333076600363654,-0.4043129697406336,-0.975476026190048,HOPV15
COc1ccc(N(c2ccc(OC)cc2)c2ccc(-c3sc(-c4cc5sc(C=C(C#N)C(=O)O)cc5s4)c4c3OCCO4)cc2)cc1,1.522775168396992,1.3936035304807344,-1.350280005959949,-1.2120599085293031,2.5448793251027837,0.43191213925159,1.640273871393183,1.4489329084325775,HOPV15
Cc1nc(-c2nc(C)c(-c3ccc(C4=S=C5c6sccc6C(C)(C)C5=C4)s3)s2)sc1-c1cccs1,-0.5707013117607056,-0.8131214819095631,0.268380140273648,0.8857069583114913,-0.3013549817678349,-0.1183187116926404,-0.1048423997536995,0.0653370639949867,HOPV15
COc1c2sccc2c2cc(-c3ccc(-c4sc(-c5nc(C)c(-c6cccs6)s5)nc4C)s3)sc2c1OC,-0.6078636161422031,-0.3593442258405723,1.1416046928470356,1.0795223753565644,-0.3981943146939062,0.8432497656856258,-0.708092468792128,0.5390005062348824,HOPV15
N#CC(=Cc1ccc(C=Cc2ccc(C=Cc3ccc(N(c4ccccc4)c4ccccc4)cc3)s2)s1)C(=O)O,1.522775168396992,1.3936035304807344,-1.350280005959949,-1.2120599085293031,-0.8655493562066854,-0.759364363278151,-0.8459781988580546,0.7072756765043192,HOPV15
Cc1ccc(-c2c3cc(-c4sc5cc(-c6ccc(-c7csc8c(C)csc78)c7nsnc76)sc5c4C)sc3c(-c3ccc(C)s3)c3ccsc32)s1,-0.5872178914858156,-0.6763666924093195,0.5452562179188686,0.669089727496409,0.9575563462710924,0.3090450560310337,0.856048781643226,0.5826274022306625,HOPV15
CN1C(=O)C2=C(c3ccc(-c4cc5ccccc5c5ccccc45)s3)N(C)C(=O)C2=C1c1ccc(-c2cc3ccccc3c3ccccc23)s1,-0.533539007379208,-0.8939311302506165,0.0341003822661537,0.805900610116461,-1.29080033992552,1.0569316495474628,-1.2273184210716326,-1.598717397558332,HOPV15
CC1(C)c2cc(-c3ccc(-c4ccc(C=C(C#N)C(=O)O)s4)s3)ccc2-c2ccc(N(c3ccccc3)c3cccc4ccccc43)cc21,1.522775168396992,1.3936035304807344,-1.350280005959949,-1.2120599085293031,0.8186129555510769,-0.545682479416314,1.0585684476775554,0.5826274022306625,HOPV15
CC1(C)c2cc(-c3ccc(-c4ccc(C=C(C#N)C(=O)O)s4)s3)ccc2-c2ccc(N(c3ccccc3)c3cccc4ccccc43)cc21,1.522775168396992,1.3936035304807344,-1.350280005959949,-1.2120599085293031,0.8186129555510769,-0.545682479416314,1.0585684476775554,0.5826274022306625,HOPV15
CC1=CC(c2cc(C)c(-c3sc(-c4cc(C)c(-c5nc6scnc6s5)s4)cc3C)s2)=S=C1,-0.7895459931184133,-0.3158313382723131,1.6847077682280454,0.9655133065065212,-0.4445087782672446,1.110352120512922,-0.5486620934034004,-0.2338187942617898,HOPV15
COc1cc2c3ccsc3c3sc(-c4cccc5nsnc54)cc3c2cc1OC,-0.632638485729868,-0.7447440871594413,0.5452562179188686,0.6462879137264005,-1.320273180381281,-0.3320005955544769,-1.233781814668473,-1.162448437600533,HOPV15
Cc1nc(-c2nc(C)c(-c3ccc(-c4ccc(N(c5ccccc5)c5ccccc5)cc4)s3)s2)sc1-c1ccc(-c2ccc(N(c3ccccc3)c3ccccc3)cc2)s1,-0.6408967755924232,-0.3717764794315036,1.205499172303625,1.3075405130566509,-1.0465968047206446,0.4693064689274115,-0.8179701599384132,-1.1936105061689473,HOPV15
COC(=O)c1cc2csc(-c3cccs3)c2s1,-0.4426978188911026,-0.6328538048410599,0.2470819804547848,0.1788507314412235,-1.1602777607642936,-3.8577516792747857,-1.8284140255777808,-3.281469100252699,HOPV15
COC(=O)c1sc2csc(-c3sc4c(c3F)c(OC)c3scc(F)c3c4OC)c2c1F,-0.7399962539430835,-0.8379859890914256,0.6623960969226156,0.7602969825764437,-0.4445087782672446,0.1487836431346559,0.1321486987971115,-0.8258980970616597,HOPV15
N#CC(=Cc1ccc(C=C(c2ccc(N(c3ccccc3)c3ccccc3)cc2)c2ccc(N(c3ccccc3)c3ccccc3)cc2)s1)C(=O)O,1.522775168396992,1.3936035304807344,-1.350280005959949,-1.2120599085293031,0.7049319995074278,-0.14502894717537,0.541496959930331,1.143544636462118,HOPV15
CN1C(=O)C2=C(c3ccc(-c4ccco4)o3)N(C)C(=O)C2=C1c1ccco1,-0.7482545438056384,-0.9685246517962038,0.460063578643416,0.3270625209462798,0.1449480308479718,-3.8577516792747857,-1.8284140255777808,-3.281469100252699,HOPV15
CN1C(=O)C2=C(c3ccc(C#Cc4cc5ccccc5c5ccccc45)s3)N(C)C(=O)C2=C1c1ccc(C#Cc2cc3ccccc3c3ccccc23)s1,-0.6119927610734806,-0.7882569747277006,0.4174672590056897,0.623486099956392,-0.8571285446478963,0.2556245850655744,-0.983863928923981,0.2710067165465203,HOPV15
COc1ccc(N(c2ccc(OC)cc2)c2ccc(-c3sc(C=C(C#N)C(=O)O)c4c3OCCO4)cc2)cc1,1.522775168396992,1.3936035304807344,-1.350280005959949,-1.2120599085293031,1.2817575912844614,0.3090450560310337,0.6772282254639775,1.3928411850094318,HOPV15
CC1(C)c2ccccc2-c2ccc(-c3ccc(-c4ccc(-c5cccs5)c5c4=NC(c4ccccc4)C(c4ccccc4)N=5)s3)cc21,-0.7895459931184133,-0.7198795799775788,0.9925175741149942,1.0681214684715603,-0.7139747481484866,1.1637725914783807,-0.8955308831004969,-0.1029381062744501,HOPV15
Cc1csc(-c2c3nsnc3c(-c3cc(C)c(-c4cc5c(s4)c(C)c4ccsc4c5C)s3)c(F)c2F)c1,-0.7647711235307484,-0.6763666924093195,1.0031666540244255,-1.2120599085293031,1.4501738224602378,1.0035111785820037,0.9529996855958304,0.5327680925211998,HOPV15
CC1(C)c2ccccc2-c2ccc(-c3ccc(C4=C(c5ccccc5)C(c5ccccc5)=C(c5cccs5)[Si]4(C)C)s3)cc21,-0.8349665873624661,-0.8442021158868914,0.8966758549301098,1.159328723551595,-0.7350267770454588,-0.3854210665199362,0.0395067239090672,-1.050264990754242,HOPV15
Cc1ccc(-c2c3ccsc3c(-c3ccc(C)s3)c3cc(-c4ccc(C5=C6C(=O)N(C)C(c7cccs7)=C6C(=O)N5C)s4)sc32)s1,-0.6636070727144494,-0.9933891589780665,0.193836580907627,0.4353711363538207,1.1975494756965732,0.0419427012037373,1.1878363196143615,0.7695998136411476,HOPV15
C[Si]1(C)c2ccccc2-c2ccc(-c3ccc(-c4ccc(-c5cccs5)c5nsnc54)s3)cc21,-0.7069630944928634,1.3936035304807344,-1.350280005959949,0.840103330771474,0.6923007821692448,0.9500907076165443,0.2183272800883157,-0.1029381062744501,HOPV15
N#CC(=Cc1ccc(C=Cc2ccc(-c3ccc(N(c4ccccc4)c4ccccc4)cc3)s2)s1)C(=O)O,1.522775168396992,1.3936035304807344,-1.350280005959949,-1.2120599085293031,-0.4318775609290615,-0.465551772968125,-0.4172397569343143,0.8319239507779761,HOPV15
C=Cc1cc(OC)c(C=Cc2ccc(N(c3ccccc3)c3ccc(C=C(C#N)c4ccc([N+](=O)[O-])cc4)cc3)cc2)cc1OC,-0.6243801958673132,-0.7509602139549071,0.5133089781905739,0.7032924481514221,0.1281064077303942,0.7898292947201665,-0.029436141123896,0.2086825794096919,HOPV15
